Data from Parasolid IGES Translator 28.0.241, Copyright(c) 2006 Siemens S      1
PLM Software. All Rights Reserved.                                      S      2
1H,,1H;,6HNoname,29H687ce0dbeee7dc3bb3c0df06.iges,27HBy Siemens PLM IncoG      1
rporated,27HXPlus GENERIC/IGES 28.0.241,32,38, 6,308,15,6HNoname,1.000, G      2
6,1HM,1,1.000,15H20250720.122812,1.0e-08,0.00,6HNoname,6HNoname,11,0,15HG      3
20250720.122812;                                                        G      4
     314       1       0       1       0       0       0       000010001D      1
     314       1       0       2       0       0       0               0D      2
     110       3       0       1       0       0       0       000010001D      3
     110       1       0       1       0       0       0               0D      4
     110       4       0       1       0       0       0       000010001D      5
     110       1       0       1       0       0       0               0D      6
     120       5       0       1       0       0       0       000010001D      7
     120       1       0       1       0       0       0               0D      8
     126       6       0       1       0       0       0       000010501D      9
     126       1       0       2       0       0       0               0D     10
     126       8       0       1       0       0       0       000010501D     11
     126       1       0       2       0       0       0               0D     12
     126      10       0       1       0       0       0       000010501D     13
     126       1       0       2       0       0       0               0D     14
     126      12       0       1       0       0       0       000010501D     15
     126       1       0       2       0       0       0               0D     16
     126      14       0       1       0       0       0       000010501D     17
     126       1       0       2       0       0       0               0D     18
     126      16       0       1       0       0       0       000010501D     19
     126       1       0       2       0       0       0               0D     20
     126      18       0       1       0       0       0       000010501D     21
     126       1       0       2       0       0       0               0D     22
     126      20       0       1       0       0       0       000010501D     23
     126       1       0       2       0       0       0               0D     24
     102      22       0       1       0       0       0       000010501D     25
     102       1       0       1       0       0       0               0D     26
     124      23       0       1       0       0       0       000010001D     27
     124       1       0       1       0       0       0               0D     28
     100      24       0       1       0       0      27       000010001D     29
     100       1       0       1       0       0       0               0D     30
     110      25       0       1       0       0       0       000010001D     31
     110       1       0       1       0       0       0               0D     32
     124      26       0       1       0       0       0       000010001D     33
     124       1       0       1       0       0       0               0D     34
     100      27       0       1       0       0      33       000010001D     35
     100       1       0       1       0       0       0               0D     36
     110      28       0       1       0       0       0       000010001D     37
     110       1       0       1       0       0       0               0D     38
     102      29       0       1       0       0       0       000010001D     39
     102       1       0       1       0       0       0               0D     40
     142      30       0       1       0       0       0       000010001D     41
     142       1       0       1       0       0       0               0D     42
     144      31       0       1       0       0       0       000000001D     43
     144       1      -1       1       0       0       0               0D     44
     314      32       0       1       0       0       0       000010001D     45
     314       1       0       2       0       0       0               0D     46
     110      34       0       1       0       0       0       000010001D     47
     110       1       0       1       0       0       0               0D     48
     110      35       0       1       0       0       0       000010001D     49
     110       1       0       1       0       0       0               0D     50
     120      36       0       1       0       0       0       000010001D     51
     120       1       0       1       0       0       0               0D     52
     126      37       0       1       0       0       0       000010501D     53
     126       1       0       2       0       0       0               0D     54
     126      39       0       1       0       0       0       000010501D     55
     126       1       0       2       0       0       0               0D     56
     126      41       0       1       0       0       0       000010501D     57
     126       1       0       2       0       0       0               0D     58
     126      43       0       1       0       0       0       000010501D     59
     126       1       0       2       0       0       0               0D     60
     126      45       0       1       0       0       0       000010501D     61
     126       1       0       2       0       0       0               0D     62
     126      47       0       1       0       0       0       000010501D     63
     126       1       0       2       0       0       0               0D     64
     126      49       0       1       0       0       0       000010501D     65
     126       1       0       2       0       0       0               0D     66
     126      51       0       1       0       0       0       000010501D     67
     126       1       0       2       0       0       0               0D     68
     102      53       0       1       0       0       0       000010501D     69
     102       1       0       1       0       0       0               0D     70
     124      54       0       1       0       0       0       000010001D     71
     124       1       0       1       0       0       0               0D     72
     100      55       0       1       0       0      71       000010001D     73
     100       1       0       1       0       0       0               0D     74
     110      56       0       1       0       0       0       000010001D     75
     110       1       0       1       0       0       0               0D     76
     124      57       0       1       0       0       0       000010001D     77
     124       1       0       1       0       0       0               0D     78
     100      58       0       1       0       0      77       000010001D     79
     100       1       0       1       0       0       0               0D     80
     110      59       0       1       0       0       0       000010001D     81
     110       1       0       1       0       0       0               0D     82
     102      60       0       1       0       0       0       000010001D     83
     102       1       0       1       0       0       0               0D     84
     142      61       0       1       0       0       0       000010001D     85
     142       1       0       1       0       0       0               0D     86
     144      62       0       1       0       0       0       000000001D     87
     144       1     -45       1       0       0       0               0D     88
     314      63       0       1       0       0       0       000010001D     89
     314       1       0       2       0       0       0               0D     90
     110      65       0       1       0       0       0       000010001D     91
     110       1       0       1       0       0       0               0D     92
     110      66       0       1       0       0       0       000010001D     93
     110       1       0       1       0       0       0               0D     94
     120      67       0       1       0       0       0       000010001D     95
     120       1       0       1       0       0       0               0D     96
     126      68       0       1       0       0       0       000010501D     97
     126       1       0       2       0       0       0               0D     98
     126      70       0       1       0       0       0       000010501D     99
     126       1       0       2       0       0       0               0D    100
     126      72       0       1       0       0       0       000010501D    101
     126       1       0       2       0       0       0               0D    102
     126      74       0       1       0       0       0       000010501D    103
     126       1       0       2       0       0       0               0D    104
     126      76       0       1       0       0       0       000010501D    105
     126       1       0       2       0       0       0               0D    106
     126      78       0       1       0       0       0       000010501D    107
     126       1       0       2       0       0       0               0D    108
     126      80       0       1       0       0       0       000010501D    109
     126       1       0       2       0       0       0               0D    110
     126      82       0       1       0       0       0       000010501D    111
     126       1       0       2       0       0       0               0D    112
     102      84       0       1       0       0       0       000010501D    113
     102       1       0       1       0       0       0               0D    114
     124      85       0       1       0       0       0       000010001D    115
     124       1       0       1       0       0       0               0D    116
     100      86       0       1       0       0     115       000010001D    117
     100       1       0       1       0       0       0               0D    118
     110      87       0       1       0       0       0       000010001D    119
     110       1       0       1       0       0       0               0D    120
     124      88       0       1       0       0       0       000010001D    121
     124       1       0       1       0       0       0               0D    122
     100      89       0       1       0       0     121       000010001D    123
     100       1       0       1       0       0       0               0D    124
     110      90       0       1       0       0       0       000010001D    125
     110       1       0       1       0       0       0               0D    126
     102      91       0       1       0       0       0       000010001D    127
     102       1       0       1       0       0       0               0D    128
     142      92       0       1       0       0       0       000010001D    129
     142       1       0       1       0       0       0               0D    130
     144      93       0       1       0       0       0       000000001D    131
     144       1     -89       1       0       0       0               0D    132
     314      94       0       1       0       0       0       000010001D    133
     314       1       0       2       0       0       0               0D    134
     110      96       0       1       0       0       0       000010001D    135
     110       1       0       1       0       0       0               0D    136
     110      97       0       1       0       0       0       000010001D    137
     110       1       0       1       0       0       0               0D    138
     120      98       0       1       0       0       0       000010001D    139
     120       1       0       1       0       0       0               0D    140
     126      99       0       1       0       0       0       000010501D    141
     126       1       0       2       0       0       0               0D    142
     126     101       0       1       0       0       0       000010501D    143
     126       1       0       2       0       0       0               0D    144
     126     103       0       1       0       0       0       000010501D    145
     126       1       0       2       0       0       0               0D    146
     126     105       0       1       0       0       0       000010501D    147
     126       1       0       2       0       0       0               0D    148
     126     107       0       1       0       0       0       000010501D    149
     126       1       0       2       0       0       0               0D    150
     126     109       0       1       0       0       0       000010501D    151
     126       1       0       2       0       0       0               0D    152
     126     111       0       1       0       0       0       000010501D    153
     126       1       0       2       0       0       0               0D    154
     126     113       0       1       0       0       0       000010501D    155
     126       1       0       2       0       0       0               0D    156
     102     115       0       1       0       0       0       000010501D    157
     102       1       0       1       0       0       0               0D    158
     124     116       0       1       0       0       0       000010001D    159
     124       1       0       1       0       0       0               0D    160
     100     117       0       1       0       0     159       000010001D    161
     100       1       0       1       0       0       0               0D    162
     110     118       0       1       0       0       0       000010001D    163
     110       1       0       1       0       0       0               0D    164
     124     119       0       1       0       0       0       000010001D    165
     124       1       0       1       0       0       0               0D    166
     100     120       0       1       0       0     165       000010001D    167
     100       1       0       1       0       0       0               0D    168
     110     121       0       1       0       0       0       000010001D    169
     110       1       0       1       0       0       0               0D    170
     102     122       0       1       0       0       0       000010001D    171
     102       1       0       1       0       0       0               0D    172
     142     123       0       1       0       0       0       000010001D    173
     142       1       0       1       0       0       0               0D    174
     144     124       0       1       0       0       0       000000001D    175
     144       1    -133       1       0       0       0               0D    176
     314     125       0       1       0       0       0       000010001D    177
     314       1       0       2       0       0       0               0D    178
     110     127       0       1       0       0       0       000010001D    179
     110       1       0       1       0       0       0               0D    180
     110     128       0       1       0       0       0       000010001D    181
     110       1       0       2       0       0       0               0D    182
     120     130       0       1       0       0       0       000010001D    183
     120       1       0       1       0       0       0               0D    184
     126     131       0       1       0       0       0       000010501D    185
     126       1       0       2       0       0       0               0D    186
     126     133       0       1       0       0       0       000010501D    187
     126       1       0       2       0       0       0               0D    188
     126     135       0       1       0       0       0       000010501D    189
     126       1       0       2       0       0       0               0D    190
     126     137       0       1       0       0       0       000010501D    191
     126       1       0       2       0       0       0               0D    192
     126     139       0       1       0       0       0       000010501D    193
     126       1       0       2       0       0       0               0D    194
     126     141       0       1       0       0       0       000010501D    195
     126       1       0       2       0       0       0               0D    196
     126     143       0       1       0       0       0       000010501D    197
     126       1       0       2       0       0       0               0D    198
     126     145       0       1       0       0       0       000010501D    199
     126       1       0       2       0       0       0               0D    200
     102     147       0       1       0       0       0       000010501D    201
     102       1       0       1       0       0       0               0D    202
     124     148       0       1       0       0       0       000010001D    203
     124       1       0       1       0       0       0               0D    204
     100     149       0       1       0       0     203       000010001D    205
     100       1       0       1       0       0       0               0D    206
     110     150       0       1       0       0       0       000010001D    207
     110       1       0       2       0       0       0               0D    208
     124     152       0       1       0       0       0       000010001D    209
     124       1       0       1       0       0       0               0D    210
     100     153       0       1       0       0     209       000010001D    211
     100       1       0       1       0       0       0               0D    212
     110     154       0       1       0       0       0       000010001D    213
     110       1       0       2       0       0       0               0D    214
     102     156       0       1       0       0       0       000010001D    215
     102       1       0       1       0       0       0               0D    216
     142     157       0       1       0       0       0       000010001D    217
     142       1       0       1       0       0       0               0D    218
     144     158       0       1       0       0       0       000000001D    219
     144       1    -177       1       0       0       0               0D    220
     314     159       0       1       0       0       0       000010001D    221
     314       1       0       2       0       0       0               0D    222
     110     161       0       1       0       0       0       000010001D    223
     110       1       0       1       0       0       0               0D    224
     110     162       0       1       0       0       0       000010001D    225
     110       1       0       1       0       0       0               0D    226
     120     163       0       1       0       0       0       000010001D    227
     120       1       0       1       0       0       0               0D    228
     126     164       0       1       0       0       0       000010501D    229
     126       1       0       2       0       0       0               0D    230
     126     166       0       1       0       0       0       000010501D    231
     126       1       0       2       0       0       0               0D    232
     126     168       0       1       0       0       0       000010501D    233
     126       1       0       2       0       0       0               0D    234
     126     170       0       1       0       0       0       000010501D    235
     126       1       0       2       0       0       0               0D    236
     126     172       0       1       0       0       0       000010501D    237
     126       1       0       2       0       0       0               0D    238
     126     174       0       1       0       0       0       000010501D    239
     126       1       0       2       0       0       0               0D    240
     126     176       0       1       0       0       0       000010501D    241
     126       1       0       2       0       0       0               0D    242
     126     178       0       1       0       0       0       000010501D    243
     126       1       0       2       0       0       0               0D    244
     102     180       0       1       0       0       0       000010501D    245
     102       1       0       1       0       0       0               0D    246
     124     181       0       1       0       0       0       000010001D    247
     124       1       0       1       0       0       0               0D    248
     100     182       0       1       0       0     247       000010001D    249
     100       1       0       1       0       0       0               0D    250
     110     183       0       1       0       0       0       000010001D    251
     110       1       0       1       0       0       0               0D    252
     124     184       0       1       0       0       0       000010001D    253
     124       1       0       1       0       0       0               0D    254
     100     185       0       1       0       0     253       000010001D    255
     100       1       0       1       0       0       0               0D    256
     110     186       0       1       0       0       0       000010001D    257
     110       1       0       1       0       0       0               0D    258
     102     187       0       1       0       0       0       000010001D    259
     102       1       0       1       0       0       0               0D    260
     142     188       0       1       0       0       0       000010001D    261
     142       1       0       1       0       0       0               0D    262
     144     189       0       1       0       0       0       000000001D    263
     144       1    -221       1       0       0       0               0D    264
     314     190       0       1       0       0       0       000010001D    265
     314       1       0       2       0       0       0               0D    266
     110     192       0       1       0       0       0       000010001D    267
     110       1       0       1       0       0       0               0D    268
     110     193       0       1       0       0       0       000010001D    269
     110       1       0       1       0       0       0               0D    270
     120     194       0       1       0       0       0       000010001D    271
     120       1       0       1       0       0       0               0D    272
     126     195       0       1       0       0       0       000010501D    273
     126       1       0       2       0       0       0               0D    274
     126     197       0       1       0       0       0       000010501D    275
     126       1       0       2       0       0       0               0D    276
     126     199       0       1       0       0       0       000010501D    277
     126       1       0       2       0       0       0               0D    278
     126     201       0       1       0       0       0       000010501D    279
     126       1       0       2       0       0       0               0D    280
     102     203       0       1       0       0       0       000010501D    281
     102       1       0       1       0       0       0               0D    282
     124     204       0       1       0       0       0       000010001D    283
     124       1       0       1       0       0       0               0D    284
     100     205       0       1       0       0     283       000010001D    285
     100       1       0       1       0       0       0               0D    286
     110     206       0       1       0       0       0       000010001D    287
     110       1       0       1       0       0       0               0D    288
     124     207       0       1       0       0       0       000010001D    289
     124       1       0       1       0       0       0               0D    290
     100     208       0       1       0       0     289       000010001D    291
     100       1       0       1       0       0       0               0D    292
     110     209       0       1       0       0       0       000010001D    293
     110       1       0       1       0       0       0               0D    294
     102     210       0       1       0       0       0       000010001D    295
     102       1       0       1       0       0       0               0D    296
     142     211       0       1       0       0       0       000010001D    297
     142       1       0       1       0       0       0               0D    298
     144     212       0       1       0       0       0       000000001D    299
     144       1    -265       1       0       0       0               0D    300
     314     213       0       1       0       0       0       000010001D    301
     314       1       0       2       0       0       0               0D    302
     110     215       0       1       0       0       0       000010001D    303
     110       1       0       1       0       0       0               0D    304
     122     216       0       1       0       0       0       000010001D    305
     122       1       0       1       0       0       0               0D    306
     126     217       0       1       0       0       0       000010501D    307
     126       1       0      68       0       0       0               0D    308
     102     285       0       1       0       0       0       000010501D    309
     102       1       0       1       0       0       0               0D    310
     124     286       0       1       0       0       0       000010001D    311
     124       1       0       1       0       0       0               0D    312
     100     287       0       1       0       0     311       000010001D    313
     100       1       0       1       0       0       0               0D    314
     102     288       0       1       0       0       0       000010001D    315
     102       1       0       1       0       0       0               0D    316
     142     289       0       1       0       0       0       000010001D    317
     142       1       0       1       0       0       0               0D    318
     126     290       0       1       0       0       0       000010501D    319
     126       1       0      69       0       0       0               0D    320
     102     359       0       1       0       0       0       000010501D    321
     102       1       0       1       0       0       0               0D    322
     124     360       0       1       0       0       0       000010001D    323
     124       1       0       1       0       0       0               0D    324
     100     361       0       1       0       0     323       000010001D    325
     100       1       0       1       0       0       0               0D    326
     102     362       0       1       0       0       0       000010001D    327
     102       1       0       1       0       0       0               0D    328
     142     363       0       1       0       0       0       000010001D    329
     142       1       0       1       0       0       0               0D    330
     126     364       0       1       0       0       0       000010501D    331
     126       1       0      69       0       0       0               0D    332
     102     433       0       1       0       0       0       000010501D    333
     102       1       0       1       0       0       0               0D    334
     124     434       0       1       0       0       0       000010001D    335
     124       1       0       1       0       0       0               0D    336
     100     435       0       1       0       0     335       000010001D    337
     100       1       0       1       0       0       0               0D    338
     102     436       0       1       0       0       0       000010001D    339
     102       1       0       1       0       0       0               0D    340
     142     437       0       1       0       0       0       000010001D    341
     142       1       0       1       0       0       0               0D    342
     126     438       0       1       0       0       0       000010501D    343
     126       1       0      68       0       0       0               0D    344
     102     506       0       1       0       0       0       000010501D    345
     102       1       0       1       0       0       0               0D    346
     124     507       0       1       0       0       0       000010001D    347
     124       1       0       1       0       0       0               0D    348
     100     508       0       1       0       0     347       000010001D    349
     100       1       0       1       0       0       0               0D    350
     102     509       0       1       0       0       0       000010001D    351
     102       1       0       1       0       0       0               0D    352
     142     510       0       1       0       0       0       000010001D    353
     142       1       0       1       0       0       0               0D    354
     126     511       0       1       0       0       0       000010501D    355
     126       1       0      69       0       0       0               0D    356
     102     580       0       1       0       0       0       000010501D    357
     102       1       0       1       0       0       0               0D    358
     124     581       0       1       0       0       0       000010001D    359
     124       1       0       1       0       0       0               0D    360
     100     582       0       1       0       0     359       000010001D    361
     100       1       0       1       0       0       0               0D    362
     102     583       0       1       0       0       0       000010001D    363
     102       1       0       1       0       0       0               0D    364
     142     584       0       1       0       0       0       000010001D    365
     142       1       0       1       0       0       0               0D    366
     126     585       0       1       0       0       0       000010501D    367
     126       1       0      69       0       0       0               0D    368
     102     654       0       1       0       0       0       000010501D    369
     102       1       0       1       0       0       0               0D    370
     124     655       0       1       0       0       0       000010001D    371
     124       1       0       1       0       0       0               0D    372
     100     656       0       1       0       0     371       000010001D    373
     100       1       0       1       0       0       0               0D    374
     102     657       0       1       0       0       0       000010001D    375
     102       1       0       1       0       0       0               0D    376
     142     658       0       1       0       0       0       000010001D    377
     142       1       0       1       0       0       0               0D    378
     126     659       0       1       0       0       0       000010501D    379
     126       1       0      68       0       0       0               0D    380
     102     727       0       1       0       0       0       000010501D    381
     102       1       0       1       0       0       0               0D    382
     124     728       0       1       0       0       0       000010001D    383
     124       1       0       1       0       0       0               0D    384
     100     729       0       1       0       0     383       000010001D    385
     100       1       0       1       0       0       0               0D    386
     102     730       0       1       0       0       0       000010001D    387
     102       1       0       1       0       0       0               0D    388
     142     731       0       1       0       0       0       000010001D    389
     142       1       0       1       0       0       0               0D    390
     144     732       0       1       0       0       0       000000001D    391
     144       1    -301       1       0       0       0               0D    392
     314     733       0       1       0       0       0       000010001D    393
     314       1       0       2       0       0       0               0D    394
     110     735       0       1       0       0       0       000010001D    395
     110       1       0       1       0       0       0               0D    396
     122     736       0       1       0       0       0       000010001D    397
     122       1       0       1       0       0       0               0D    398
     126     737       0       1       0       0       0       000010501D    399
     126       1       0      68       0       0       0               0D    400
     102     805       0       1       0       0       0       000010501D    401
     102       1       0       1       0       0       0               0D    402
     100     806       0       1       0       0       0       000010001D    403
     100       1       0       1       0       0       0               0D    404
     102     807       0       1       0       0       0       000010001D    405
     102       1       0       1       0       0       0               0D    406
     142     808       0       1       0       0       0       000010001D    407
     142       1       0       1       0       0       0               0D    408
     126     809       0       1       0       0       0       000010501D    409
     126       1       0      69       0       0       0               0D    410
     102     878       0       1       0       0       0       000010501D    411
     102       1       0       1       0       0       0               0D    412
     124     879       0       1       0       0       0       000010001D    413
     124       1       0       1       0       0       0               0D    414
     100     880       0       1       0       0     413       000010001D    415
     100       1       0       1       0       0       0               0D    416
     102     881       0       1       0       0       0       000010001D    417
     102       1       0       1       0       0       0               0D    418
     142     882       0       1       0       0       0       000010001D    419
     142       1       0       1       0       0       0               0D    420
     126     883       0       1       0       0       0       000010501D    421
     126       1       0      69       0       0       0               0D    422
     102     952       0       1       0       0       0       000010501D    423
     102       1       0       1       0       0       0               0D    424
     124     953       0       1       0       0       0       000010001D    425
     124       1       0       1       0       0       0               0D    426
     100     954       0       1       0       0     425       000010001D    427
     100       1       0       1       0       0       0               0D    428
     102     955       0       1       0       0       0       000010001D    429
     102       1       0       1       0       0       0               0D    430
     142     956       0       1       0       0       0       000010001D    431
     142       1       0       1       0       0       0               0D    432
     126     957       0       1       0       0       0       000010501D    433
     126       1       0      69       0       0       0               0D    434
     102    1026       0       1       0       0       0       000010501D    435
     102       1       0       1       0       0       0               0D    436
     124    1027       0       1       0       0       0       000010001D    437
     124       1       0       1       0       0       0               0D    438
     100    1028       0       1       0       0     437       000010001D    439
     100       1       0       1       0       0       0               0D    440
     102    1029       0       1       0       0       0       000010001D    441
     102       1       0       1       0       0       0               0D    442
     142    1030       0       1       0       0       0       000010001D    443
     142       1       0       1       0       0       0               0D    444
     126    1031       0       1       0       0       0       000010501D    445
     126       1       0      68       0       0       0               0D    446
     102    1099       0       1       0       0       0       000010501D    447
     102       1       0       1       0       0       0               0D    448
     124    1100       0       1       0       0       0       000010001D    449
     124       1       0       1       0       0       0               0D    450
     100    1101       0       1       0       0     449       000010001D    451
     100       1       0       1       0       0       0               0D    452
     102    1102       0       1       0       0       0       000010001D    453
     102       1       0       1       0       0       0               0D    454
     142    1103       0       1       0       0       0       000010001D    455
     142       1       0       1       0       0       0               0D    456
     126    1104       0       1       0       0       0       000010501D    457
     126       1       0      69       0       0       0               0D    458
     102    1173       0       1       0       0       0       000010501D    459
     102       1       0       1       0       0       0               0D    460
     124    1174       0       1       0       0       0       000010001D    461
     124       1       0       1       0       0       0               0D    462
     100    1175       0       1       0       0     461       000010001D    463
     100       1       0       1       0       0       0               0D    464
     102    1176       0       1       0       0       0       000010001D    465
     102       1       0       1       0       0       0               0D    466
     142    1177       0       1       0       0       0       000010001D    467
     142       1       0       1       0       0       0               0D    468
     126    1178       0       1       0       0       0       000010501D    469
     126       1       0      69       0       0       0               0D    470
     102    1247       0       1       0       0       0       000010501D    471
     102       1       0       1       0       0       0               0D    472
     124    1248       0       1       0       0       0       000010001D    473
     124       1       0       1       0       0       0               0D    474
     100    1249       0       1       0       0     473       000010001D    475
     100       1       0       1       0       0       0               0D    476
     102    1250       0       1       0       0       0       000010001D    477
     102       1       0       1       0       0       0               0D    478
     142    1251       0       1       0       0       0       000010001D    479
     142       1       0       1       0       0       0               0D    480
     126    1252       0       1       0       0       0       000010501D    481
     126       1       0      68       0       0       0               0D    482
     102    1320       0       1       0       0       0       000010501D    483
     102       1       0       1       0       0       0               0D    484
     124    1321       0       1       0       0       0       000010001D    485
     124       1       0       1       0       0       0               0D    486
     100    1322       0       1       0       0     485       000010001D    487
     100       1       0       1       0       0       0               0D    488
     102    1323       0       1       0       0       0       000010001D    489
     102       1       0       1       0       0       0               0D    490
     142    1324       0       1       0       0       0       000010001D    491
     142       1       0       1       0       0       0               0D    492
     144    1325       0       1       0       0       0       000000001D    493
     144       1    -393       1       0       0       0               0D    494
     314    1326       0       1       0       0       0       000010001D    495
     314       1       0       2       0       0       0               0D    496
     110    1328       0       1       0       0       0       000010001D    497
     110       1       0       1       0       0       0               0D    498
     110    1329       0       1       0       0       0       000010001D    499
     110       1       0       1       0       0       0               0D    500
     120    1330       0       1       0       0       0       000010001D    501
     120       1       0       1       0       0       0               0D    502
     126    1331       0       1       0       0       0       000010501D    503
     126       1       0       4       0       0       0               0D    504
     126    1335       0       1       0       0       0       000010501D    505
     126       1       0       2       0       0       0               0D    506
     126    1337       0       1       0       0       0       000010501D    507
     126       1       0       3       0       0       0               0D    508
     126    1340       0       1       0       0       0       000010501D    509
     126       1       0       2       0       0       0               0D    510
     102    1342       0       1       0       0       0       000010501D    511
     102       1       0       1       0       0       0               0D    512
     124    1343       0       1       0       0       0       000010001D    513
     124       1       0       1       0       0       0               0D    514
     100    1344       0       1       0       0     513       000010001D    515
     100       1       0       1       0       0       0               0D    516
     110    1345       0       1       0       0       0       000010001D    517
     110       1       0       1       0       0       0               0D    518
     100    1346       0       1       0       0       0       000010001D    519
     100       1       0       1       0       0       0               0D    520
     110    1347       0       1       0       0       0       000010001D    521
     110       1       0       1       0       0       0               0D    522
     102    1348       0       1       0       0       0       000010001D    523
     102       1       0       1       0       0       0               0D    524
     142    1349       0       1       0       0       0       000010001D    525
     142       1       0       1       0       0       0               0D    526
     144    1350       0       1       0       0       0       000000001D    527
     144       1    -495       1       0       0       0               0D    528
     314    1351       0       1       0       0       0       000010001D    529
     314       1       0       2       0       0       0               0D    530
     110    1353       0       1       0       0       0       000010001D    531
     110       1       0       1       0       0       0               0D    532
     110    1354       0       1       0       0       0       000010001D    533
     110       1       0       1       0       0       0               0D    534
     120    1355       0       1       0       0       0       000010001D    535
     120       1       0       1       0       0       0               0D    536
     126    1356       0       1       0       0       0       000010501D    537
     126       1       0       4       0       0       0               0D    538
     126    1360       0       1       0       0       0       000010501D    539
     126       1       0       2       0       0       0               0D    540
     126    1362       0       1       0       0       0       000010501D    541
     126       1       0       3       0       0       0               0D    542
     126    1365       0       1       0       0       0       000010501D    543
     126       1       0       2       0       0       0               0D    544
     102    1367       0       1       0       0       0       000010501D    545
     102       1       0       1       0       0       0               0D    546
     124    1368       0       1       0       0       0       000010001D    547
     124       1       0       1       0       0       0               0D    548
     100    1369       0       1       0       0     547       000010001D    549
     100       1       0       1       0       0       0               0D    550
     110    1370       0       1       0       0       0       000010001D    551
     110       1       0       1       0       0       0               0D    552
     124    1371       0       1       0       0       0       000010001D    553
     124       1       0       1       0       0       0               0D    554
     100    1372       0       1       0       0     553       000010001D    555
     100       1       0       1       0       0       0               0D    556
     110    1373       0       1       0       0       0       000010001D    557
     110       1       0       1       0       0       0               0D    558
     102    1374       0       1       0       0       0       000010001D    559
     102       1       0       1       0       0       0               0D    560
     142    1375       0       1       0       0       0       000010001D    561
     142       1       0       1       0       0       0               0D    562
     144    1376       0       1       0       0       0       000000001D    563
     144       1    -529       1       0       0       0               0D    564
     314    1377       0       1       0       0       0       000010001D    565
     314       1       0       2       0       0       0               0D    566
     110    1379       0       1       0       0       0       000010001D    567
     110       1       0       1       0       0       0               0D    568
     122    1380       0       1       0       0       0       000010001D    569
     122       1       0       1       0       0       0               0D    570
     126    1381       0       1       0       0       0       000010501D    571
     126       1       0      69       0       0       0               0D    572
     102    1450       0       1       0       0       0       000010501D    573
     102       1       0       1       0       0       0               0D    574
     124    1451       0       1       0       0       0       000010001D    575
     124       1       0       1       0       0       0               0D    576
     100    1452       0       1       0       0     575       000010001D    577
     100       1       0       1       0       0       0               0D    578
     102    1453       0       1       0       0       0       000010001D    579
     102       1       0       1       0       0       0               0D    580
     142    1454       0       1       0       0       0       000010001D    581
     142       1       0       1       0       0       0               0D    582
     126    1455       0       1       0       0       0       000010501D    583
     126       1       0      68       0       0       0               0D    584
     102    1523       0       1       0       0       0       000010501D    585
     102       1       0       1       0       0       0               0D    586
     124    1524       0       1       0       0       0       000010001D    587
     124       1       0       1       0       0       0               0D    588
     100    1525       0       1       0       0     587       000010001D    589
     100       1       0       1       0       0       0               0D    590
     102    1526       0       1       0       0       0       000010001D    591
     102       1       0       1       0       0       0               0D    592
     142    1527       0       1       0       0       0       000010001D    593
     142       1       0       1       0       0       0               0D    594
     144    1528       0       1       0       0       0       000000001D    595
     144       1    -565       1       0       0       0               0D    596
     314    1529       0       1       0       0       0       000010001D    597
     314       1       0       2       0       0       0               0D    598
     110    1531       0       1       0       0       0       000010001D    599
     110       1       0       1       0       0       0               0D    600
     122    1532       0       1       0       0       0       000010001D    601
     122       1       0       1       0       0       0               0D    602
     126    1533       0       1       0       0       0       000010501D    603
     126       1       0      69       0       0       0               0D    604
     102    1602       0       1       0       0       0       000010501D    605
     102       1       0       1       0       0       0               0D    606
     124    1603       0       1       0       0       0       000010001D    607
     124       1       0       1       0       0       0               0D    608
     100    1604       0       1       0       0     607       000010001D    609
     100       1       0       1       0       0       0               0D    610
     102    1605       0       1       0       0       0       000010001D    611
     102       1       0       1       0       0       0               0D    612
     142    1606       0       1       0       0       0       000010001D    613
     142       1       0       1       0       0       0               0D    614
     126    1607       0       1       0       0       0       000010501D    615
     126       1       0      69       0       0       0               0D    616
     102    1676       0       1       0       0       0       000010501D    617
     102       1       0       1       0       0       0               0D    618
     124    1677       0       1       0       0       0       000010001D    619
     124       1       0       1       0       0       0               0D    620
     100    1678       0       1       0       0     619       000010001D    621
     100       1       0       1       0       0       0               0D    622
     102    1679       0       1       0       0       0       000010001D    623
     102       1       0       1       0       0       0               0D    624
     142    1680       0       1       0       0       0       000010001D    625
     142       1       0       1       0       0       0               0D    626
     144    1681       0       1       0       0       0       000000001D    627
     144       1    -597       1       0       0       0               0D    628
     314    1682       0       1       0       0       0       000010001D    629
     314       1       0       2       0       0       0               0D    630
     110    1684       0       1       0       0       0       000010001D    631
     110       1       0       1       0       0       0               0D    632
     110    1685       0       1       0       0       0       000010001D    633
     110       1       0       1       0       0       0               0D    634
     120    1686       0       1       0       0       0       000010001D    635
     120       1       0       1       0       0       0               0D    636
     126    1687       0       1       0       0       0       000010501D    637
     126       1       0       2       0       0       0               0D    638
     126    1689       0       1       0       0       0       000010501D    639
     126       1       0       2       0       0       0               0D    640
     126    1691       0       1       0       0       0       000010501D    641
     126       1       0       2       0       0       0               0D    642
     126    1693       0       1       0       0       0       000010501D    643
     126       1       0       2       0       0       0               0D    644
     126    1695       0       1       0       0       0       000010501D    645
     126       1       0       2       0       0       0               0D    646
     126    1697       0       1       0       0       0       000010501D    647
     126       1       0       2       0       0       0               0D    648
     126    1699       0       1       0       0       0       000010501D    649
     126       1       0       2       0       0       0               0D    650
     126    1701       0       1       0       0       0       000010501D    651
     126       1       0       2       0       0       0               0D    652
     102    1703       0       1       0       0       0       000010501D    653
     102       1       0       1       0       0       0               0D    654
     124    1704       0       1       0       0       0       000010001D    655
     124       1       0       1       0       0       0               0D    656
     100    1705       0       1       0       0     655       000010001D    657
     100       1       0       1       0       0       0               0D    658
     110    1706       0       1       0       0       0       000010001D    659
     110       1       0       1       0       0       0               0D    660
     124    1707       0       1       0       0       0       000010001D    661
     124       1       0       1       0       0       0               0D    662
     100    1708       0       1       0       0     661       000010001D    663
     100       1       0       1       0       0       0               0D    664
     110    1709       0       1       0       0       0       000010001D    665
     110       1       0       1       0       0       0               0D    666
     102    1710       0       1       0       0       0       000010001D    667
     102       1       0       1       0       0       0               0D    668
     142    1711       0       1       0       0       0       000010001D    669
     142       1       0       1       0       0       0               0D    670
     144    1712       0       1       0       0       0       000000001D    671
     144       1    -629       1       0       0       0               0D    672
     314    1713       0       1       0       0       0       000010001D    673
     314       1       0       2       0       0       0               0D    674
     110    1715       0       1       0       0       0       000010001D    675
     110       1       0       1       0       0       0               0D    676
     122    1716       0       1       0       0       0       000010001D    677
     122       1       0       1       0       0       0               0D    678
     126    1717       0       1       0       0       0       000010501D    679
     126       1       0      68       0       0       0               0D    680
     102    1785       0       1       0       0       0       000010501D    681
     102       1       0       1       0       0       0               0D    682
     124    1786       0       1       0       0       0       000010001D    683
     124       1       0       1       0       0       0               0D    684
     100    1787       0       1       0       0     683       000010001D    685
     100       1       0       1       0       0       0               0D    686
     102    1788       0       1       0       0       0       000010001D    687
     102       1       0       1       0       0       0               0D    688
     142    1789       0       1       0       0       0       000010001D    689
     142       1       0       1       0       0       0               0D    690
     126    1790       0       1       0       0       0       000010501D    691
     126       1       0      68       0       0       0               0D    692
     102    1858       0       1       0       0       0       000010501D    693
     102       1       0       1       0       0       0               0D    694
     124    1859       0       1       0       0       0       000010001D    695
     124       1       0       1       0       0       0               0D    696
     100    1860       0       1       0       0     695       000010001D    697
     100       1       0       1       0       0       0               0D    698
     102    1861       0       1       0       0       0       000010001D    699
     102       1       0       1       0       0       0               0D    700
     142    1862       0       1       0       0       0       000010001D    701
     142       1       0       1       0       0       0               0D    702
     144    1863       0       1       0       0       0       000000001D    703
     144       1    -673       1       0       0       0               0D    704
     314    1864       0       1       0       0       0       000010001D    705
     314       1       0       2       0       0       0               0D    706
     110    1866       0       1       0       0       0       000010001D    707
     110       1       0       1       0       0       0               0D    708
     110    1867       0       1       0       0       0       000010001D    709
     110       1       0       1       0       0       0               0D    710
     120    1868       0       1       0       0       0       000010001D    711
     120       1       0       1       0       0       0               0D    712
     126    1869       0       1       0       0       0       000010501D    713
     126       1       0       2       0       0       0               0D    714
     126    1871       0       1       0       0       0       000010501D    715
     126       1       0       2       0       0       0               0D    716
     126    1873       0       1       0       0       0       000010501D    717
     126       1       0       2       0       0       0               0D    718
     126    1875       0       1       0       0       0       000010501D    719
     126       1       0       2       0       0       0               0D    720
     126    1877       0       1       0       0       0       000010501D    721
     126       1       0       2       0       0       0               0D    722
     126    1879       0       1       0       0       0       000010501D    723
     126       1       0       2       0       0       0               0D    724
     126    1881       0       1       0       0       0       000010501D    725
     126       1       0       2       0       0       0               0D    726
     126    1883       0       1       0       0       0       000010501D    727
     126       1       0       2       0       0       0               0D    728
     102    1885       0       1       0       0       0       000010501D    729
     102       1       0       1       0       0       0               0D    730
     124    1886       0       1       0       0       0       000010001D    731
     124       1       0       1       0       0       0               0D    732
     100    1887       0       1       0       0     731       000010001D    733
     100       1       0       1       0       0       0               0D    734
     110    1888       0       1       0       0       0       000010001D    735
     110       1       0       1       0       0       0               0D    736
     124    1889       0       1       0       0       0       000010001D    737
     124       1       0       1       0       0       0               0D    738
     100    1890       0       1       0       0     737       000010001D    739
     100       1       0       1       0       0       0               0D    740
     110    1891       0       1       0       0       0       000010001D    741
     110       1       0       1       0       0       0               0D    742
     102    1892       0       1       0       0       0       000010001D    743
     102       1       0       1       0       0       0               0D    744
     142    1893       0       1       0       0       0       000010001D    745
     142       1       0       1       0       0       0               0D    746
     144    1894       0       1       0       0       0       000000001D    747
     144       1    -705       1       0       0       0               0D    748
     314    1895       0       1       0       0       0       000010001D    749
     314       1       0       2       0       0       0               0D    750
     110    1897       0       1       0       0       0       000010001D    751
     110       1       0       1       0       0       0               0D    752
     122    1898       0       1       0       0       0       000010001D    753
     122       1       0       1       0       0       0               0D    754
     126    1899       0       1       0       0       0       000010501D    755
     126       1       0      68       0       0       0               0D    756
     102    1967       0       1       0       0       0       000010501D    757
     102       1       0       1       0       0       0               0D    758
     100    1968       0       1       0       0       0       000010001D    759
     100       1       0       1       0       0       0               0D    760
     102    1969       0       1       0       0       0       000010001D    761
     102       1       0       1       0       0       0               0D    762
     142    1970       0       1       0       0       0       000010001D    763
     142       1       0       1       0       0       0               0D    764
     144    1971       0       1       0       0       0       000000001D    765
     144       1    -749       1       0       0       0               0D    766
314,8.62745121121407,31.76470696926117,69.01960968971252,10HMixe       1P      1
dColor;                                                                1P      2
110,0.04,0.,-0.01,0.04,0.,0.99;                                        3P      3
110,0.0459,0.,-0.01,0.0459,0.,0.;                                      5P      4
120,3,5,0.,6.28318530717959;                                           7P      5
126,1,1,1,0,1,0,-6.28318530717959,-6.28318530717959,0.,0.,1.,1.,       9P      6
0.,6.28318530717959,0.,0.,0.,0.,-6.28318530717959,0.,0.,0.,1.;         9P      7
126,1,1,1,0,1,0,0.,0.,1.,1.,1.,1.,0.,0.,0.,0.,6.28318530717959,       11P      8
0.,0.,1.,0.,0.,1.;                                                    11P      9
126,1,1,1,0,1,0,0.,0.,0.01,0.01,1.,1.,0.,6.28318530717959,0.,1.,      13P     10
6.28318530717959,0.,0.,0.01,0.,0.,1.;                                 13P     11
126,1,1,1,0,1,0,0.,0.,1.,1.,1.,1.,1.,6.28318530717959,0.,1.,0.,       15P     12
0.,0.,1.,0.,0.,1.;                                                    15P     13
126,1,1,1,0,1,0,0.,0.,6.28318530717959,6.28318530717959,1.,1.,        17P     14
1.,0.,0.,1.,6.28318530717959,0.,0.,6.28318530717959,0.,0.,1.;         17P     15
126,1,1,1,0,1,0,0.,0.,1.,1.,1.,1.,1.,6.28318530717959,0.,1.,0.,       19P     16
0.,0.,1.,0.,0.,1.;                                                    19P     17
126,1,1,1,0,1,0,-0.01,-0.01,0.,0.,1.,1.,1.,0.,0.,0.,0.,0.,-0.01,      21P     18
0.,0.,0.,1.;                                                          21P     19
126,1,1,1,0,1,0,0.,0.,1.,1.,1.,1.,0.,0.,0.,0.,6.28318530717959,       23P     20
0.,0.,1.,0.,0.,1.;                                                    23P     21
102,8,9,11,13,15,17,19,21,23;                                         25P     22
124,1.,0.,0.,0.04,0.,-1.,0.,0.,0.,0.,-1.,-0.01;                       27P     23
100,0.,0.,0.,0.0059,0.,0.0059,0.;                                     29P     24
110,0.0459,0.,-0.01,0.0459,0.,0.;                                     31P     25
124,1.,0.,0.,0.04,0.,1.,0.,0.,0.,0.,1.,0.;                            33P     26
100,0.,0.,0.,0.0059,0.,0.0059,-0.;                                    35P     27
110,0.0459,0.,0.,0.0459,0.,-0.01;                                     37P     28
102,4,29,31,35,37;                                                    39P     29
142,1,7,25,39,2;                                                      41P     30
144,7,1,0,41;                                                         43P     31
314,8.62745121121407,31.76470696926117,69.01960968971252,10HMixe      45P     32
dColor;                                                               45P     33
110,0.02,0.03464101615138,-0.01,0.02,0.03464101615138,0.99;           47P     34
110,0.0259,0.03464101615138,-0.01,0.0259,0.03464101615138,0.;         49P     35
120,47,49,0.,6.28318530717959;                                        51P     36
126,1,1,1,0,1,0,-6.28318530717959,-6.28318530717959,0.,0.,1.,1.,      53P     37
0.,6.28318530717959,0.,0.,0.,0.,-6.28318530717959,0.,0.,0.,1.;        53P     38
126,1,1,1,0,1,0,0.,0.,1.,1.,1.,1.,0.,0.,0.,0.,6.28318530717959,       55P     39
0.,0.,1.,0.,0.,1.;                                                    55P     40
126,1,1,1,0,1,0,0.,0.,0.01,0.01,1.,1.,0.,6.28318530717959,0.,1.,      57P     41
6.28318530717959,0.,0.,0.01,0.,0.,1.;                                 57P     42
126,1,1,1,0,1,0,0.,0.,1.,1.,1.,1.,1.,6.28318530717959,0.,1.,0.,       59P     43
0.,0.,1.,0.,0.,1.;                                                    59P     44
126,1,1,1,0,1,0,0.,0.,6.28318530717959,6.28318530717959,1.,1.,        61P     45
1.,0.,0.,1.,6.28318530717959,0.,0.,6.28318530717959,0.,0.,1.;         61P     46
126,1,1,1,0,1,0,0.,0.,1.,1.,1.,1.,1.,6.28318530717959,0.,1.,0.,       63P     47
0.,0.,1.,0.,0.,1.;                                                    63P     48
126,1,1,1,0,1,0,-0.01,-0.01,0.,0.,1.,1.,1.,0.,0.,0.,0.,0.,-0.01,      65P     49
0.,0.,0.,1.;                                                          65P     50
126,1,1,1,0,1,0,0.,0.,1.,1.,1.,1.,0.,0.,0.,0.,6.28318530717959,       67P     51
0.,0.,1.,0.,0.,1.;                                                    67P     52
102,8,53,55,57,59,61,63,65,67;                                        69P     53
124,1.,0.,0.,0.02,0.,-1.,0.,0.03464101615138,0.,0.,-1.,-0.01;         71P     54
100,0.,0.,0.,0.0059,0.,0.0059,0.;                                     73P     55
110,0.0259,0.03464101615138,-0.01,0.0259,0.03464101615138,0.;         75P     56
124,1.,0.,0.,0.02,0.,1.,0.,0.03464101615138,0.,0.,1.,0.;              77P     57
100,0.,0.,0.,0.0059,0.,0.0059,-0.;                                    79P     58
110,0.0259,0.03464101615138,0.,0.0259,0.03464101615138,-0.01;         81P     59
102,4,73,75,79,81;                                                    83P     60
142,1,51,69,83,2;                                                     85P     61
144,51,1,0,85;                                                        87P     62
314,8.62745121121407,31.76470696926117,69.01960968971252,10HMixe      89P     63
dColor;                                                               89P     64
110,-0.02,0.03464101615138,-0.01,-0.02,0.03464101615138,0.99;         91P     65
110,-0.0141,0.03464101615138,-0.01,-0.0141,0.03464101615138,0.;       93P     66
120,91,93,0.,6.28318530717959;                                        95P     67
126,1,1,1,0,1,0,-6.28318530717959,-6.28318530717959,0.,0.,1.,1.,      97P     68
0.,6.28318530717959,0.,0.,0.,0.,-6.28318530717959,0.,0.,0.,1.;        97P     69
126,1,1,1,0,1,0,0.,0.,1.,1.,1.,1.,0.,0.,0.,0.,6.28318530717959,       99P     70
0.,0.,1.,0.,0.,1.;                                                    99P     71
126,1,1,1,0,1,0,0.,0.,0.01,0.01,1.,1.,0.,6.28318530717959,0.,1.,     101P     72
6.28318530717959,0.,0.,0.01,0.,0.,1.;                                101P     73
126,1,1,1,0,1,0,0.,0.,1.,1.,1.,1.,1.,6.28318530717959,0.,1.,0.,      103P     74
0.,0.,1.,0.,0.,1.;                                                   103P     75
126,1,1,1,0,1,0,0.,0.,6.28318530717959,6.28318530717959,1.,1.,       105P     76
1.,0.,0.,1.,6.28318530717959,0.,0.,6.28318530717959,0.,0.,1.;        105P     77
126,1,1,1,0,1,0,0.,0.,1.,1.,1.,1.,1.,6.28318530717959,0.,1.,0.,      107P     78
0.,0.,1.,0.,0.,1.;                                                   107P     79
126,1,1,1,0,1,0,-0.01,-0.01,0.,0.,1.,1.,1.,0.,0.,0.,0.,0.,-0.01,     109P     80
0.,0.,0.,1.;                                                         109P     81
126,1,1,1,0,1,0,0.,0.,1.,1.,1.,1.,0.,0.,0.,0.,6.28318530717959,      111P     82
0.,0.,1.,0.,0.,1.;                                                   111P     83
102,8,97,99,101,103,105,107,109,111;                                 113P     84
124,1.,0.,0.,-0.02,0.,-1.,0.,0.03464101615138,0.,0.,-1.,-0.01;       115P     85
100,0.,0.,0.,0.0059,0.,0.0059,0.;                                    117P     86
110,-0.0141,0.03464101615138,-0.01,-0.0141,0.03464101615138,0.;      119P     87
124,1.,0.,0.,-0.02,0.,1.,0.,0.03464101615138,0.,0.,1.,0.;            121P     88
100,0.,0.,0.,0.0059,0.,0.0059,-0.;                                   123P     89
110,-0.0141,0.03464101615138,0.,-0.0141,0.03464101615138,-0.01;      125P     90
102,4,117,119,123,125;                                               127P     91
142,1,95,113,127,2;                                                  129P     92
144,95,1,0,129;                                                      131P     93
314,8.62745121121407,31.76470696926117,69.01960968971252,10HMixe     133P     94
dColor;                                                              133P     95
110,-0.04,0.,-0.01,-0.04,0.,0.99;                                    135P     96
110,-0.0341,0.,-0.01,-0.0341,0.,0.;                                  137P     97
120,135,137,0.,6.28318530717959;                                     139P     98
126,1,1,1,0,1,0,-6.28318530717959,-6.28318530717959,0.,0.,1.,1.,     141P     99
0.,6.28318530717959,0.,0.,0.,0.,-6.28318530717959,0.,0.,0.,1.;       141P    100
126,1,1,1,0,1,0,0.,0.,1.,1.,1.,1.,0.,0.,0.,0.,6.28318530717959,      143P    101
0.,0.,1.,0.,0.,1.;                                                   143P    102
126,1,1,1,0,1,0,0.,0.,0.01,0.01,1.,1.,0.,6.28318530717959,0.,1.,     145P    103
6.28318530717959,0.,0.,0.01,0.,0.,1.;                                145P    104
126,1,1,1,0,1,0,0.,0.,1.,1.,1.,1.,1.,6.28318530717959,0.,1.,0.,      147P    105
0.,0.,1.,0.,0.,1.;                                                   147P    106
126,1,1,1,0,1,0,0.,0.,6.28318530717959,6.28318530717959,1.,1.,       149P    107
1.,0.,0.,1.,6.28318530717959,0.,0.,6.28318530717959,0.,0.,1.;        149P    108
126,1,1,1,0,1,0,0.,0.,1.,1.,1.,1.,1.,6.28318530717959,0.,1.,0.,      151P    109
0.,0.,1.,0.,0.,1.;                                                   151P    110
126,1,1,1,0,1,0,-0.01,-0.01,0.,0.,1.,1.,1.,0.,0.,0.,0.,0.,-0.01,     153P    111
0.,0.,0.,1.;                                                         153P    112
126,1,1,1,0,1,0,0.,0.,1.,1.,1.,1.,0.,0.,0.,0.,6.28318530717959,      155P    113
0.,0.,1.,0.,0.,1.;                                                   155P    114
102,8,141,143,145,147,149,151,153,155;                               157P    115
124,1.,0.,0.,-0.04,0.,-1.,0.,0.,0.,0.,-1.,-0.01;                     159P    116
100,0.,0.,0.,0.0059,0.,0.0059,0.;                                    161P    117
110,-0.0341,0.,-0.01,-0.0341,0.,0.;                                  163P    118
124,1.,0.,0.,-0.04,0.,1.,0.,0.,0.,0.,1.,0.;                          165P    119
100,0.,0.,0.,0.0059,0.,0.0059,-0.;                                   167P    120
110,-0.0341,0.,0.,-0.0341,0.,-0.01;                                  169P    121
102,4,161,163,167,169;                                               171P    122
142,1,139,157,171,2;                                                 173P    123
144,139,1,0,173;                                                     175P    124
314,8.62745121121407,31.76470696926117,69.01960968971252,10HMixe     177P    125
dColor;                                                              177P    126
110,-0.02,-0.03464101615138,-0.01,-0.02,-0.03464101615138,0.99;      179P    127
110,-0.0141,-0.03464101615138,-0.01,-0.0141,-0.03464101615138,       181P    128
0.;                                                                  181P    129
120,179,181,0.,6.28318530717959;                                     183P    130
126,1,1,1,0,1,0,-6.28318530717959,-6.28318530717959,0.,0.,1.,1.,     185P    131
0.,6.28318530717959,0.,0.,0.,0.,-6.28318530717959,0.,0.,0.,1.;       185P    132
126,1,1,1,0,1,0,0.,0.,1.,1.,1.,1.,0.,0.,0.,0.,6.28318530717959,      187P    133
0.,0.,1.,0.,0.,1.;                                                   187P    134
126,1,1,1,0,1,0,0.,0.,0.01,0.01,1.,1.,0.,6.28318530717959,0.,1.,     189P    135
6.28318530717959,0.,0.,0.01,0.,0.,1.;                                189P    136
126,1,1,1,0,1,0,0.,0.,1.,1.,1.,1.,1.,6.28318530717959,0.,1.,0.,      191P    137
0.,0.,1.,0.,0.,1.;                                                   191P    138
126,1,1,1,0,1,0,0.,0.,6.28318530717959,6.28318530717959,1.,1.,       193P    139
1.,0.,0.,1.,6.28318530717959,0.,0.,6.28318530717959,0.,0.,1.;        193P    140
126,1,1,1,0,1,0,0.,0.,1.,1.,1.,1.,1.,6.28318530717959,0.,1.,0.,      195P    141
0.,0.,1.,0.,0.,1.;                                                   195P    142
126,1,1,1,0,1,0,-0.01,-0.01,0.,0.,1.,1.,1.,0.,0.,0.,0.,0.,-0.01,     197P    143
0.,0.,0.,1.;                                                         197P    144
126,1,1,1,0,1,0,0.,0.,1.,1.,1.,1.,0.,0.,0.,0.,6.28318530717959,      199P    145
0.,0.,1.,0.,0.,1.;                                                   199P    146
102,8,185,187,189,191,193,195,197,199;                               201P    147
124,1.,0.,0.,-0.02,0.,-1.,0.,-0.03464101615138,0.,0.,-1.,-0.01;      203P    148
100,0.,0.,0.,0.0059,0.,0.0059,0.;                                    205P    149
110,-0.0141,-0.03464101615138,-0.01,-0.0141,-0.03464101615138,       207P    150
0.;                                                                  207P    151
124,1.,0.,0.,-0.02,0.,1.,0.,-0.03464101615138,0.,0.,1.,0.;           209P    152
100,0.,0.,0.,0.0059,0.,0.0059,-0.;                                   211P    153
110,-0.0141,-0.03464101615138,0.,-0.0141,-0.03464101615138,          213P    154
-0.01;                                                               213P    155
102,4,205,207,211,213;                                               215P    156
142,1,183,201,215,2;                                                 217P    157
144,183,1,0,217;                                                     219P    158
314,8.62745121121407,31.76470696926117,69.01960968971252,10HMixe     221P    159
dColor;                                                              221P    160
110,0.02,-0.03464101615138,-0.01,0.02,-0.03464101615138,0.99;        223P    161
110,0.0259,-0.03464101615138,-0.01,0.0259,-0.03464101615138,0.;      225P    162
120,223,225,0.,6.28318530717959;                                     227P    163
126,1,1,1,0,1,0,-6.28318530717959,-6.28318530717959,0.,0.,1.,1.,     229P    164
0.,6.28318530717959,0.,0.,0.,0.,-6.28318530717959,0.,0.,0.,1.;       229P    165
126,1,1,1,0,1,0,0.,0.,1.,1.,1.,1.,0.,0.,0.,0.,6.28318530717959,      231P    166
0.,0.,1.,0.,0.,1.;                                                   231P    167
126,1,1,1,0,1,0,0.,0.,0.01,0.01,1.,1.,0.,6.28318530717959,0.,1.,     233P    168
6.28318530717959,0.,0.,0.01,0.,0.,1.;                                233P    169
126,1,1,1,0,1,0,0.,0.,1.,1.,1.,1.,1.,6.28318530717959,0.,1.,0.,      235P    170
0.,0.,1.,0.,0.,1.;                                                   235P    171
126,1,1,1,0,1,0,0.,0.,6.28318530717959,6.28318530717959,1.,1.,       237P    172
1.,0.,0.,1.,6.28318530717959,0.,0.,6.28318530717959,0.,0.,1.;        237P    173
126,1,1,1,0,1,0,0.,0.,1.,1.,1.,1.,1.,6.28318530717959,0.,1.,0.,      239P    174
0.,0.,1.,0.,0.,1.;                                                   239P    175
126,1,1,1,0,1,0,-0.01,-0.01,0.,0.,1.,1.,1.,0.,0.,0.,0.,0.,-0.01,     241P    176
0.,0.,0.,1.;                                                         241P    177
126,1,1,1,0,1,0,0.,0.,1.,1.,1.,1.,0.,0.,0.,0.,6.28318530717959,      243P    178
0.,0.,1.,0.,0.,1.;                                                   243P    179
102,8,229,231,233,235,237,239,241,243;                               245P    180
124,1.,0.,0.,0.02,0.,-1.,0.,-0.03464101615138,0.,0.,-1.,-0.01;       247P    181
100,0.,0.,0.,0.0059,0.,0.0059,0.;                                    249P    182
110,0.0259,-0.03464101615138,-0.01,0.0259,-0.03464101615138,0.;      251P    183
124,1.,0.,0.,0.02,0.,1.,0.,-0.03464101615138,0.,0.,1.,0.;            253P    184
100,0.,0.,0.,0.0059,0.,0.0059,-0.;                                   255P    185
110,0.0259,-0.03464101615138,0.,0.0259,-0.03464101615138,-0.01;      257P    186
102,4,249,251,255,257;                                               259P    187
142,1,227,245,259,2;                                                 261P    188
144,227,1,0,261;                                                     263P    189
314,8.62745121121407,31.76470696926117,69.01960968971252,10HMixe     265P    190
dColor;                                                              265P    191
110,0.,0.,-0.01,0.,0.,0.99;                                          267P    192
110,0.05,0.,0.,0.05,0.,-0.01;                                        269P    193
120,267,269,0.,6.28318530717959;                                     271P    194
126,1,1,1,0,1,0,0.,0.,6.28318530717959,6.28318530717959,1.,1.,       273P    195
1.,0.,0.,1.,6.28318530717959,0.,0.,6.28318530717959,0.,0.,1.;        273P    196
126,1,1,1,0,1,0,0.,0.,0.01,0.01,1.,1.,1.,6.28318530717959,0.,0.,     275P    197
6.28318530717959,0.,0.,0.01,0.,0.,1.;                                275P    198
126,1,1,1,0,1,0,-6.28318530717959,-6.28318530717959,0.,0.,1.,1.,     277P    199
0.,6.28318530717959,0.,0.,0.,0.,-6.28318530717959,0.,0.,0.,1.;       277P    200
126,1,1,1,0,1,0,-0.01,-0.01,0.,0.,1.,1.,0.,0.,0.,1.,0.,0.,-0.01,     279P    201
0.,0.,0.,1.;                                                         279P    202
102,4,273,275,277,279;                                               281P    203
124,1.,0.,0.,0.,0.,1.,0.,0.,0.,0.,1.,-0.01;                          283P    204
100,0.,0.,0.,0.05,0.,0.05,-0.;                                       285P    205
110,0.05,0.,-0.01,0.05,0.,0.;                                        287P    206
124,1.,0.,0.,0.,0.,-1.,0.,0.,0.,0.,-1.,0.;                           289P    207
100,0.,0.,0.,0.05,0.,0.05,0.;                                        291P    208
110,0.05,0.,0.,0.05,0.,-0.01;                                        293P    209
102,4,285,287,291,293;                                               295P    210
142,1,271,281,295,2;                                                 297P    211
144,271,1,0,297;                                                     299P    212
314,8.62745121121407,31.76470696926117,69.01960968971252,10HMixe     301P    213
dColor;                                                              301P    214
110,0.0506,-0.0506,-0.01,-0.0506,-0.0506,-0.01;                      303P    215
122,303,0.0506,0.0506,-0.01;                                         305P    216
126,64,2,1,1,1,1,-6.28318530717959,-6.28318530717959,                307P    217
-6.28318530717959,-6.08683576633022,-6.08683576633022,               307P    218
-5.89048622548086,-5.89048622548086,-5.6941366846315,                307P    219
-5.6941366846315,-5.49778714378214,-5.49778714378214,                307P    220
-5.30143760293278,-5.30143760293278,-5.10508806208341,               307P    221
-5.10508806208341,-4.90873852123405,-4.90873852123405,               307P    222
-4.71238898038469,-4.71238898038469,-4.51603943953533,               307P    223
-4.51603943953533,-4.31968989868597,-4.31968989868597,               307P    224
-4.1233403578366,-4.1233403578366,-3.92699081698724,                 307P    225
-3.92699081698724,-3.73064127613788,-3.73064127613788,               307P    226
-3.53429173528852,-3.53429173528852,-3.33794219443916,               307P    227
-3.33794219443916,-3.14159265358979,-3.14159265358979,               307P    228
-2.94524311274043,-2.94524311274043,-2.74889357189107,               307P    229
-2.74889357189107,-2.55254403104171,-2.55254403104171,               307P    230
-2.35619449019234,-2.35619449019234,-2.15984494934298,               307P    231
-2.15984494934298,-1.96349540849362,-1.96349540849362,               307P    232
-1.76714586764426,-1.76714586764426,-1.5707963267949,                307P    233
-1.5707963267949,-1.37444678594553,-1.37444678594553,                307P    234
-1.17809724509617,-1.17809724509617,-0.98174770424681,               307P    235
-0.98174770424681,-0.78539816339745,-0.78539816339745,               307P    236
-0.58904862254809,-0.58904862254809,-0.39269908169872,               307P    237
-0.39269908169872,-0.19634954084936,-0.19634954084936,0.,0.,0.,      307P    238
1.,1.,1.,1.,1.,1.,1.,1.,1.,1.,1.,1.,1.,1.,1.,1.,1.,1.,1.,1.,1.,      307P    239
1.,1.,1.,1.,1.,1.,1.,1.,1.,1.,1.,1.,1.,1.,1.,1.,1.,1.,1.,1.,1.,      307P    240
1.,1.,1.,1.,1.,1.,1.,1.,1.,1.,1.,1.,1.,1.,1.,1.,1.,1.,1.,1.,1.,      307P    241
1.,1.,0.00592885375494,0.5,0.,0.00592885375494,0.45133823944804,     307P    242
0.,0.01542229229089,0.40361150098017,0.,0.02491573082685,            307P    243
0.35588476251231,0.,0.0435377803798,0.31092715792239,0.,             307P    244
0.06215982993275,0.26596955333247,0.,0.08919485558175,               307P    245
0.22550877815237,0.,0.11622988123074,0.18504800297227,0.,            307P    246
0.15063894210151,0.15063894210151,0.,0.18504800297227,               307P    247
0.11622988123074,0.,0.22550877815237,0.08919485558175,0.,            307P    248
0.26596955333247,0.06215982993275,0.,0.31092715792239,               307P    249
0.0435377803798,0.,0.35588476251231,0.02491573082685,0.,             307P    250
0.40361150098017,0.01542229229089,0.,0.45133823944804,               307P    251
0.00592885375494,0.,0.5,0.00592885375494,0.,0.54866176055196,        307P    252
0.00592885375494,0.,0.59638849901983,0.01542229229089,0.,            307P    253
0.64411523748769,0.02491573082685,0.,0.68907284207761,               307P    254
0.0435377803798,0.,0.73403044666753,0.06215982993275,0.,             307P    255
0.77449122184763,0.08919485558175,0.,0.81495199702773,               307P    256
0.11622988123074,0.,0.84936105789849,0.15063894210151,0.,            307P    257
0.88377011876926,0.18504800297227,0.,0.91080514441825,               307P    258
0.22550877815237,0.,0.93784017006725,0.26596955333247,0.,            307P    259
0.9564622196202,0.31092715792239,0.,0.97508426917315,                307P    260
0.35588476251231,0.,0.98457770770911,0.40361150098017,0.,            307P    261
0.99407114624506,0.45133823944804,0.,0.99407114624506,0.5,0.,        307P    262
0.99407114624506,0.54866176055196,0.,0.98457770770911,               307P    263
0.59638849901983,0.,0.97508426917315,0.64411523748769,0.,            307P    264
0.9564622196202,0.68907284207761,0.,0.93784017006725,                307P    265
0.73403044666753,0.,0.91080514441825,0.77449122184763,0.,            307P    266
0.88377011876926,0.81495199702773,0.,0.84936105789849,               307P    267
0.84936105789849,0.,0.81495199702773,0.88377011876926,0.,            307P    268
0.77449122184763,0.91080514441825,0.,0.73403044666753,               307P    269
0.93784017006725,0.,0.68907284207761,0.9564622196202,0.,             307P    270
0.64411523748769,0.97508426917315,0.,0.59638849901983,               307P    271
0.98457770770911,0.,0.54866176055196,0.99407114624506,0.,0.5,        307P    272
0.99407114624506,0.,0.45133823944804,0.99407114624506,0.,            307P    273
0.40361150098017,0.98457770770911,0.,0.35588476251231,               307P    274
0.97508426917315,0.,0.31092715792239,0.9564622196202,0.,             307P    275
0.26596955333247,0.93784017006725,0.,0.22550877815237,               307P    276
0.91080514441825,0.,0.18504800297227,0.88377011876926,0.,            307P    277
0.15063894210151,0.84936105789849,0.,0.11622988123074,               307P    278
0.81495199702773,0.,0.08919485558175,0.77449122184763,0.,            307P    279
0.06215982993275,0.73403044666753,0.,0.0435377803798,                307P    280
0.68907284207761,0.,0.02491573082685,0.64411523748769,0.,            307P    281
0.01542229229089,0.59638849901983,0.,0.00592885375494,               307P    282
0.54866176055196,0.,0.00592885375494,0.5,0.,-6.28318530717959,       307P    283
0.,0.,0.,1.;                                                         307P    284
102,1,307;                                                           309P    285
124,1.,0.,0.,0.,0.,-1.,0.,0.,0.,0.,-1.,-0.01;                        311P    286
100,0.,0.,0.,0.05,0.,0.05,0.;                                        313P    287
102,1,313;                                                           315P    288
142,1,305,309,315,2;                                                 317P    289
126,64,2,1,1,1,1,0.,0.,0.,0.19634954084936,0.19634954084936,         319P    290
0.39269908169872,0.39269908169872,0.58904862254809,                  319P    291
0.58904862254809,0.78539816339745,0.78539816339745,                  319P    292
0.98174770424681,0.98174770424681,1.17809724509617,                  319P    293
1.17809724509617,1.37444678594553,1.37444678594553,                  319P    294
1.5707963267949,1.5707963267949,1.76714586764426,                    319P    295
1.76714586764426,1.96349540849362,1.96349540849362,                  319P    296
2.15984494934298,2.15984494934298,2.35619449019234,                  319P    297
2.35619449019234,2.55254403104171,2.55254403104171,                  319P    298
2.74889357189107,2.74889357189107,2.94524311274043,                  319P    299
2.94524311274043,3.14159265358979,3.14159265358979,                  319P    300
3.33794219443916,3.33794219443916,3.53429173528852,                  319P    301
3.53429173528852,3.73064127613788,3.73064127613788,                  319P    302
3.92699081698724,3.92699081698724,4.1233403578366,                   319P    303
4.1233403578366,4.31968989868597,4.31968989868597,                   319P    304
4.51603943953533,4.51603943953533,4.71238898038469,                  319P    305
4.71238898038469,4.90873852123405,4.90873852123405,                  319P    306
5.10508806208341,5.10508806208341,5.30143760293278,                  319P    307
5.30143760293278,5.49778714378214,5.49778714378214,                  319P    308
5.6941366846315,5.6941366846315,5.89048622548086,                    319P    309
5.89048622548086,6.08683576633022,6.08683576633022,                  319P    310
6.28318530717959,6.28318530717959,6.28318530717959,1.,1.,1.,1.,      319P    311
1.,1.,1.,1.,1.,1.,1.,1.,1.,1.,1.,1.,1.,1.,1.,1.,1.,1.,1.,1.,1.,      319P    312
1.,1.,1.,1.,1.,1.,1.,1.,1.,1.,1.,1.,1.,1.,1.,1.,1.,1.,1.,1.,1.,      319P    313
1.,1.,1.,1.,1.,1.,1.,1.,1.,1.,1.,1.,1.,1.,1.,1.,1.,1.,1.,            319P    314
0.24407114624506,0.15769746885991,0.,0.24407114624506,               319P    315
0.16343955660504,0.,0.2451913719923,0.16907131174425,0.,             319P    316
0.24631159773954,0.17470306688345,0.,0.24850899958679,               319P    317
0.18000806422506,0.,0.25070640143404,0.18531306156667,0.,            319P    318
0.25389653446062,0.19008743303793,0.,0.2570866674872,                319P    319
0.19486180450918,0.,0.26114693666995,0.19892207369193,0.,            319P    320
0.2652072058527,0.20298234287468,0.,0.26998157732396,                319P    321
0.20617247590126,0.,0.27475594879521,0.20936260892784,0.,            319P    322
0.28006094613682,0.21156001077509,0.,0.28536594347843,               319P    323
0.21375741262234,0.,0.29099769861764,0.21487763836958,0.,            319P    324
0.29662945375685,0.21599786411682,0.,0.30237154150198,               319P    325
0.21599786411682,0.,0.30811362924711,0.21599786411682,0.,            319P    326
0.31374538438632,0.21487763836958,0.,0.31937713952552,               319P    327
0.21375741262234,0.,0.32468213686713,0.21156001077509,0.,            319P    328
0.32998713420875,0.20936260892784,0.,0.33476150568,                  319P    329
0.20617247590126,0.,0.33953587715125,0.20298234287468,0.,            319P    330
0.343596146334,0.19892207369193,0.,0.34765641551675,                 319P    331
0.19486180450918,0.,0.35084654854333,0.19008743303793,0.,            319P    332
0.35403668156991,0.18531306156667,0.,0.35623408341716,               319P    333
0.18000806422506,0.,0.35843148526441,0.17470306688345,0.,            319P    334
0.35955171101165,0.16907131174425,0.,0.36067193675889,               319P    335
0.16343955660504,0.,0.36067193675889,0.15769746885991,0.,            319P    336
0.36067193675889,0.15195538111477,0.,0.35955171101165,               319P    337
0.14632362597557,0.,0.35843148526441,0.14069187083636,0.,            319P    338
0.35623408341716,0.13538687349475,0.,0.35403668156991,               319P    339
0.13008187615314,0.,0.35084654854333,0.12530750468189,0.,            319P    340
0.34765641551675,0.12053313321063,0.,0.343596146334,                 319P    341
0.11647286402788,0.,0.33953587715125,0.11241259484513,0.,            319P    342
0.33476150568,0.10922246181855,0.,0.32998713420875,                  319P    343
0.10603232879197,0.,0.32468213686713,0.10383492694472,0.,            319P    344
0.31937713952552,0.10163752509747,0.,0.31374538438632,               319P    345
0.10051729935023,0.,0.30811362924711,0.09939707360299,0.,            319P    346
0.30237154150198,0.09939707360299,0.,0.29662945375685,               319P    347
0.09939707360299,0.,0.29099769861764,0.10051729935023,0.,            319P    348
0.28536594347843,0.10163752509747,0.,0.28006094613682,               319P    349
0.10383492694472,0.,0.27475594879521,0.10603232879197,0.,            319P    350
0.26998157732396,0.10922246181855,0.,0.2652072058527,                319P    351
0.11241259484513,0.,0.26114693666995,0.11647286402788,0.,            319P    352
0.2570866674872,0.12053313321063,0.,0.25389653446062,                319P    353
0.12530750468189,0.,0.25070640143404,0.13008187615314,0.,            319P    354
0.24850899958679,0.13538687349475,0.,0.24631159773954,               319P    355
0.14069187083636,0.,0.2451913719923,0.14632362597557,0.,             319P    356
0.24407114624506,0.15195538111477,0.,0.24407114624506,               319P    357
0.15769746885991,0.,0.,6.28318530717959,0.,0.,1.;                    319P    358
102,1,319;                                                           321P    359
124,1.,0.,0.,0.02,0.,1.,0.,-0.03464101615138,0.,0.,1.,-0.01;         323P    360
100,0.,0.,0.,0.0059,0.,0.0059,-0.;                                   325P    361
102,1,325;                                                           327P    362
142,1,305,321,327,2;                                                 329P    363
126,64,2,1,1,1,1,0.,0.,0.,0.19634954084936,0.19634954084936,         331P    364
0.39269908169872,0.39269908169872,0.58904862254809,                  331P    365
0.58904862254809,0.78539816339745,0.78539816339745,                  331P    366
0.98174770424681,0.98174770424681,1.17809724509617,                  331P    367
1.17809724509617,1.37444678594553,1.37444678594553,                  331P    368
1.5707963267949,1.5707963267949,1.76714586764426,                    331P    369
1.76714586764426,1.96349540849362,1.96349540849362,                  331P    370
2.15984494934298,2.15984494934298,2.35619449019234,                  331P    371
2.35619449019234,2.55254403104171,2.55254403104171,                  331P    372
2.74889357189107,2.74889357189107,2.94524311274043,                  331P    373
2.94524311274043,3.14159265358979,3.14159265358979,                  331P    374
3.33794219443916,3.33794219443916,3.53429173528852,                  331P    375
3.53429173528852,3.73064127613788,3.73064127613788,                  331P    376
3.92699081698724,3.92699081698724,4.1233403578366,                   331P    377
4.1233403578366,4.31968989868597,4.31968989868597,                   331P    378
4.51603943953533,4.51603943953533,4.71238898038469,                  331P    379
4.71238898038469,4.90873852123405,4.90873852123405,                  331P    380
5.10508806208341,5.10508806208341,5.30143760293278,                  331P    381
5.30143760293278,5.49778714378214,5.49778714378214,                  331P    382
5.6941366846315,5.6941366846315,5.89048622548086,                    331P    383
5.89048622548086,6.08683576633022,6.08683576633022,                  331P    384
6.28318530717959,6.28318530717959,6.28318530717959,1.,1.,1.,1.,      331P    385
1.,1.,1.,1.,1.,1.,1.,1.,1.,1.,1.,1.,1.,1.,1.,1.,1.,1.,1.,1.,1.,      331P    386
1.,1.,1.,1.,1.,1.,1.,1.,1.,1.,1.,1.,1.,1.,1.,1.,1.,1.,1.,1.,1.,      331P    387
1.,1.,1.,1.,1.,1.,1.,1.,1.,1.,1.,1.,1.,1.,1.,1.,1.,1.,1.,            331P    388
0.63932806324111,0.15769746885991,0.,0.63932806324111,               331P    389
0.16343955660504,0.,0.64044828898835,0.16907131174425,0.,            331P    390
0.64156851473559,0.17470306688345,0.,0.64376591658284,               331P    391
0.18000806422506,0.,0.64596331843009,0.18531306156667,0.,            331P    392
0.64915345145667,0.19008743303793,0.,0.65234358448325,               331P    393
0.19486180450918,0.,0.656403853666,0.19892207369193,0.,              331P    394
0.66046412284875,0.20298234287468,0.,0.66523849432,                  331P    395
0.20617247590126,0.,0.67001286579125,0.20936260892784,0.,            331P    396
0.67531786313287,0.21156001077509,0.,0.68062286047448,               331P    397
0.21375741262234,0.,0.68625461561368,0.21487763836958,0.,            331P    398
0.69188637075289,0.21599786411682,0.,0.69762845849802,               331P    399
0.21599786411682,0.,0.70337054624315,0.21599786411682,0.,            331P    400
0.70900230138236,0.21487763836958,0.,0.71463405652157,               331P    401
0.21375741262234,0.,0.71993905386318,0.21156001077509,0.,            331P    402
0.72524405120479,0.20936260892784,0.,0.73001842267604,               331P    403
0.20617247590126,0.,0.7347927941473,0.20298234287468,0.,             331P    404
0.73885306333005,0.19892207369193,0.,0.7429133325128,                331P    405
0.19486180450918,0.,0.74610346553938,0.19008743303793,0.,            331P    406
0.74929359856596,0.18531306156667,0.,0.75149100041321,               331P    407
0.18000806422506,0.,0.75368840226046,0.17470306688345,0.,            331P    408
0.7548086280077,0.16907131174425,0.,0.75592885375494,                331P    409
0.16343955660504,0.,0.75592885375494,0.15769746885991,0.,            331P    410
0.75592885375494,0.15195538111477,0.,0.7548086280077,                331P    411
0.14632362597557,0.,0.75368840226046,0.14069187083636,0.,            331P    412
0.75149100041321,0.13538687349475,0.,0.74929359856596,               331P    413
0.13008187615314,0.,0.74610346553938,0.12530750468189,0.,            331P    414
0.7429133325128,0.12053313321063,0.,0.73885306333005,                331P    415
0.11647286402788,0.,0.7347927941473,0.11241259484513,0.,             331P    416
0.73001842267604,0.10922246181855,0.,0.72524405120479,               331P    417
0.10603232879197,0.,0.71993905386318,0.10383492694472,0.,            331P    418
0.71463405652157,0.10163752509747,0.,0.70900230138236,               331P    419
0.10051729935023,0.,0.70337054624315,0.09939707360299,0.,            331P    420
0.69762845849802,0.09939707360299,0.,0.69188637075289,               331P    421
0.09939707360299,0.,0.68625461561368,0.10051729935023,0.,            331P    422
0.68062286047448,0.10163752509747,0.,0.67531786313287,               331P    423
0.10383492694472,0.,0.67001286579125,0.10603232879197,0.,            331P    424
0.66523849432,0.10922246181855,0.,0.66046412284875,                  331P    425
0.11241259484513,0.,0.656403853666,0.11647286402788,0.,              331P    426
0.65234358448325,0.12053313321063,0.,0.64915345145667,               331P    427
0.12530750468189,0.,0.64596331843009,0.13008187615314,0.,            331P    428
0.64376591658284,0.13538687349475,0.,0.64156851473559,               331P    429
0.14069187083636,0.,0.64044828898835,0.14632362597557,0.,            331P    430
0.63932806324111,0.15195538111477,0.,0.63932806324111,               331P    431
0.15769746885991,0.,0.,6.28318530717959,0.,0.,1.;                    331P    432
102,1,331;                                                           333P    433
124,1.,0.,0.,-0.02,0.,1.,0.,-0.03464101615138,0.,0.,1.,-0.01;        335P    434
100,0.,0.,0.,0.0059,0.,0.0059,-0.;                                   337P    435
102,1,337;                                                           339P    436
142,1,305,333,339,2;                                                 341P    437
126,64,2,1,1,1,1,0.,0.,0.,0.19634954084936,0.19634954084936,         343P    438
0.39269908169872,0.39269908169872,0.58904862254809,                  343P    439
0.58904862254809,0.78539816339745,0.78539816339745,                  343P    440
0.98174770424681,0.98174770424681,1.17809724509617,                  343P    441
1.17809724509617,1.37444678594553,1.37444678594553,                  343P    442
1.5707963267949,1.5707963267949,1.76714586764426,                    343P    443
1.76714586764426,1.96349540849362,1.96349540849362,                  343P    444
2.15984494934298,2.15984494934298,2.35619449019234,                  343P    445
2.35619449019234,2.55254403104171,2.55254403104171,                  343P    446
2.74889357189107,2.74889357189107,2.94524311274043,                  343P    447
2.94524311274043,3.14159265358979,3.14159265358979,                  343P    448
3.33794219443916,3.33794219443916,3.53429173528852,                  343P    449
3.53429173528852,3.73064127613788,3.73064127613788,                  343P    450
3.92699081698724,3.92699081698724,4.1233403578366,                   343P    451
4.1233403578366,4.31968989868597,4.31968989868597,                   343P    452
4.51603943953533,4.51603943953533,4.71238898038469,                  343P    453
4.71238898038469,4.90873852123405,4.90873852123405,                  343P    454
5.10508806208341,5.10508806208341,5.30143760293278,                  343P    455
5.30143760293278,5.49778714378214,5.49778714378214,                  343P    456
5.6941366846315,5.6941366846315,5.89048622548086,                    343P    457
5.89048622548086,6.08683576633022,6.08683576633022,                  343P    458
6.28318530717959,6.28318530717959,6.28318530717959,1.,1.,1.,1.,      343P    459
1.,1.,1.,1.,1.,1.,1.,1.,1.,1.,1.,1.,1.,1.,1.,1.,1.,1.,1.,1.,1.,      343P    460
1.,1.,1.,1.,1.,1.,1.,1.,1.,1.,1.,1.,1.,1.,1.,1.,1.,1.,1.,1.,1.,      343P    461
1.,1.,1.,1.,1.,1.,1.,1.,1.,1.,1.,1.,1.,1.,1.,1.,1.,1.,1.,            343P    462
0.83695652173913,0.5,0.,0.83695652173913,0.50574208774513,0.,        343P    463
0.83807674748637,0.51137384288434,0.,0.83919697323362,               343P    464
0.51700559802355,0.,0.84139437508086,0.52231059536516,0.,            343P    465
0.84359177692811,0.52761559270677,0.,0.84678190995469,               343P    466
0.53238996417802,0.,0.84997204298127,0.53716433564927,0.,            343P    467
0.85403231216403,0.54122460483202,0.,0.85809258134678,               343P    468
0.54528487401477,0.,0.86286695281803,0.54847500704135,0.,            343P    469
0.86764132428928,0.55166514006794,0.,0.87294632163089,               343P    470
0.55386254191518,0.,0.8782513189725,0.55605994376243,0.,             343P    471
0.88388307411171,0.55718016950967,0.,0.88951482925092,               343P    472
0.55830039525692,0.,0.89525691699605,0.55830039525692,0.,            343P    473
0.90099900474118,0.55830039525692,0.,0.90663075988039,               343P    474
0.55718016950967,0.,0.9122625150196,0.55605994376243,0.,             343P    475
0.91756751236121,0.55386254191518,0.,0.92287250970282,               343P    476
0.55166514006794,0.,0.92764688117407,0.54847500704135,0.,            343P    477
0.93242125264532,0.54528487401477,0.,0.93648152182807,               343P    478
0.54122460483202,0.,0.94054179101082,0.53716433564927,0.,            343P    479
0.9437319240374,0.53238996417802,0.,0.94692205706398,                343P    480
0.52761559270677,0.,0.94911945891123,0.52231059536516,0.,            343P    481
0.95131686075848,0.51700559802355,0.,0.95243708650572,               343P    482
0.51137384288434,0.,0.95355731225296,0.50574208774513,0.,            343P    483
0.95355731225296,0.5,0.,0.95355731225296,0.49425791225487,0.,        343P    484
0.95243708650572,0.48862615711566,0.,0.95131686075848,               343P    485
0.48299440197645,0.,0.94911945891123,0.47768940463484,0.,            343P    486
0.94692205706398,0.47238440729323,0.,0.9437319240374,                343P    487
0.46761003582198,0.,0.94054179101082,0.46283566435073,0.,            343P    488
0.93648152182807,0.45877539516798,0.,0.93242125264532,               343P    489
0.45471512598523,0.,0.92764688117407,0.45152499295865,0.,            343P    490
0.92287250970282,0.44833485993206,0.,0.91756751236121,               343P    491
0.44613745808482,0.,0.9122625150196,0.44394005623757,0.,             343P    492
0.90663075988039,0.44281983049033,0.,0.90099900474118,               343P    493
0.44169960474308,0.,0.89525691699605,0.44169960474308,0.,            343P    494
0.88951482925092,0.44169960474308,0.,0.88388307411171,               343P    495
0.44281983049033,0.,0.8782513189725,0.44394005623757,0.,             343P    496
0.87294632163089,0.44613745808482,0.,0.86764132428928,               343P    497
0.44833485993206,0.,0.86286695281803,0.45152499295865,0.,            343P    498
0.85809258134678,0.45471512598523,0.,0.85403231216403,               343P    499
0.45877539516798,0.,0.84997204298127,0.46283566435073,0.,            343P    500
0.84678190995469,0.46761003582198,0.,0.84359177692811,               343P    501
0.47238440729323,0.,0.84139437508086,0.47768940463484,0.,            343P    502
0.83919697323362,0.48299440197645,0.,0.83807674748637,               343P    503
0.48862615711566,0.,0.83695652173913,0.49425791225487,0.,            343P    504
0.83695652173913,0.5,0.,0.,6.28318530717959,0.,0.,1.;                343P    505
102,1,343;                                                           345P    506
124,1.,0.,0.,-0.04,0.,1.,0.,0.,0.,0.,1.,-0.01;                       347P    507
100,0.,0.,0.,0.0059,0.,0.0059,-0.;                                   349P    508
102,1,349;                                                           351P    509
142,1,305,345,351,2;                                                 353P    510
126,64,2,1,1,1,1,0.,0.,0.,0.19634954084936,0.19634954084936,         355P    511
0.39269908169872,0.39269908169872,0.58904862254809,                  355P    512
0.58904862254809,0.78539816339745,0.78539816339745,                  355P    513
0.98174770424681,0.98174770424681,1.17809724509617,                  355P    514
1.17809724509617,1.37444678594553,1.37444678594553,                  355P    515
1.5707963267949,1.5707963267949,1.76714586764426,                    355P    516
1.76714586764426,1.96349540849362,1.96349540849362,                  355P    517
2.15984494934298,2.15984494934298,2.35619449019234,                  355P    518
2.35619449019234,2.55254403104171,2.55254403104171,                  355P    519
2.74889357189107,2.74889357189107,2.94524311274043,                  355P    520
2.94524311274043,3.14159265358979,3.14159265358979,                  355P    521
3.33794219443916,3.33794219443916,3.53429173528852,                  355P    522
3.53429173528852,3.73064127613788,3.73064127613788,                  355P    523
3.92699081698724,3.92699081698724,4.1233403578366,                   355P    524
4.1233403578366,4.31968989868597,4.31968989868597,                   355P    525
4.51603943953533,4.51603943953533,4.71238898038469,                  355P    526
4.71238898038469,4.90873852123405,4.90873852123405,                  355P    527
5.10508806208341,5.10508806208341,5.30143760293278,                  355P    528
5.30143760293278,5.49778714378214,5.49778714378214,                  355P    529
5.6941366846315,5.6941366846315,5.89048622548086,                    355P    530
5.89048622548086,6.08683576633022,6.08683576633022,                  355P    531
6.28318530717959,6.28318530717959,6.28318530717959,1.,1.,1.,1.,      355P    532
1.,1.,1.,1.,1.,1.,1.,1.,1.,1.,1.,1.,1.,1.,1.,1.,1.,1.,1.,1.,1.,      355P    533
1.,1.,1.,1.,1.,1.,1.,1.,1.,1.,1.,1.,1.,1.,1.,1.,1.,1.,1.,1.,1.,      355P    534
1.,1.,1.,1.,1.,1.,1.,1.,1.,1.,1.,1.,1.,1.,1.,1.,1.,1.,1.,            355P    535
0.63932806324111,0.84230253114009,0.,0.63932806324111,               355P    536
0.84804461888523,0.,0.64044828898835,0.85367637402443,0.,            355P    537
0.64156851473559,0.85930812916364,0.,0.64376591658284,               355P    538
0.86461312650525,0.,0.64596331843009,0.86991812384686,0.,            355P    539
0.64915345145667,0.87469249531811,0.,0.65234358448325,               355P    540
0.87946686678937,0.,0.656403853666,0.88352713597212,0.,              355P    541
0.66046412284875,0.88758740515487,0.,0.66523849432,                  355P    542
0.89077753818145,0.,0.67001286579125,0.89396767120803,0.,            355P    543
0.67531786313287,0.89616507305528,0.,0.68062286047448,               355P    544
0.89836247490253,0.,0.68625461561368,0.89948270064977,0.,            355P    545
0.69188637075289,0.90060292639701,0.,0.69762845849802,               355P    546
0.90060292639701,0.,0.70337054624315,0.90060292639701,0.,            355P    547
0.70900230138236,0.89948270064977,0.,0.71463405652157,               355P    548
0.89836247490253,0.,0.71993905386318,0.89616507305528,0.,            355P    549
0.72524405120479,0.89396767120803,0.,0.73001842267604,               355P    550
0.89077753818145,0.,0.7347927941473,0.88758740515487,0.,             355P    551
0.73885306333005,0.88352713597212,0.,0.7429133325128,                355P    552
0.87946686678937,0.,0.74610346553938,0.87469249531811,0.,            355P    553
0.74929359856596,0.86991812384686,0.,0.75149100041321,               355P    554
0.86461312650525,0.,0.75368840226046,0.85930812916364,0.,            355P    555
0.7548086280077,0.85367637402443,0.,0.75592885375494,                355P    556
0.84804461888523,0.,0.75592885375494,0.84230253114009,0.,            355P    557
0.75592885375494,0.83656044339496,0.,0.7548086280077,                355P    558
0.83092868825575,0.,0.75368840226046,0.82529693311655,0.,            355P    559
0.75149100041321,0.81999193577494,0.,0.74929359856596,               355P    560
0.81468693843333,0.,0.74610346553938,0.80991256696207,0.,            355P    561
0.7429133325128,0.80513819549082,0.,0.73885306333005,                355P    562
0.80107792630807,0.,0.7347927941473,0.79701765712532,0.,             355P    563
0.73001842267604,0.79382752409874,0.,0.72524405120479,               355P    564
0.79063739107216,0.,0.71993905386318,0.78843998922491,0.,            355P    565
0.71463405652157,0.78624258737766,0.,0.70900230138236,               355P    566
0.78512236163042,0.,0.70337054624315,0.78400213588318,0.,            355P    567
0.69762845849802,0.78400213588318,0.,0.69188637075289,               355P    568
0.78400213588318,0.,0.68625461561368,0.78512236163042,0.,            355P    569
0.68062286047448,0.78624258737766,0.,0.67531786313287,               355P    570
0.78843998922491,0.,0.67001286579125,0.79063739107216,0.,            355P    571
0.66523849432,0.79382752409874,0.,0.66046412284875,                  355P    572
0.79701765712532,0.,0.656403853666,0.80107792630807,0.,              355P    573
0.65234358448325,0.80513819549082,0.,0.64915345145667,               355P    574
0.80991256696207,0.,0.64596331843009,0.81468693843333,0.,            355P    575
0.64376591658284,0.81999193577494,0.,0.64156851473559,               355P    576
0.82529693311655,0.,0.64044828898835,0.83092868825575,0.,            355P    577
0.63932806324111,0.83656044339496,0.,0.63932806324111,               355P    578
0.84230253114009,0.,0.,6.28318530717959,0.,0.,1.;                    355P    579
102,1,355;                                                           357P    580
124,1.,0.,0.,-0.02,0.,1.,0.,0.03464101615138,0.,0.,1.,-0.01;         359P    581
100,0.,0.,0.,0.0059,0.,0.0059,-0.;                                   361P    582
102,1,361;                                                           363P    583
142,1,305,357,363,2;                                                 365P    584
126,64,2,1,1,1,1,0.,0.,0.,0.19634954084936,0.19634954084936,         367P    585
0.39269908169872,0.39269908169872,0.58904862254809,                  367P    586
0.58904862254809,0.78539816339745,0.78539816339745,                  367P    587
0.98174770424681,0.98174770424681,1.17809724509617,                  367P    588
1.17809724509617,1.37444678594553,1.37444678594553,                  367P    589
1.5707963267949,1.5707963267949,1.76714586764426,                    367P    590
1.76714586764426,1.96349540849362,1.96349540849362,                  367P    591
2.15984494934298,2.15984494934298,2.35619449019234,                  367P    592
2.35619449019234,2.55254403104171,2.55254403104171,                  367P    593
2.74889357189107,2.74889357189107,2.94524311274043,                  367P    594
2.94524311274043,3.14159265358979,3.14159265358979,                  367P    595
3.33794219443916,3.33794219443916,3.53429173528852,                  367P    596
3.53429173528852,3.73064127613788,3.73064127613788,                  367P    597
3.92699081698724,3.92699081698724,4.1233403578366,                   367P    598
4.1233403578366,4.31968989868597,4.31968989868597,                   367P    599
4.51603943953533,4.51603943953533,4.71238898038469,                  367P    600
4.71238898038469,4.90873852123405,4.90873852123405,                  367P    601
5.10508806208341,5.10508806208341,5.30143760293278,                  367P    602
5.30143760293278,5.49778714378214,5.49778714378214,                  367P    603
5.6941366846315,5.6941366846315,5.89048622548086,                    367P    604
5.89048622548086,6.08683576633022,6.08683576633022,                  367P    605
6.28318530717959,6.28318530717959,6.28318530717959,1.,1.,1.,1.,      367P    606
1.,1.,1.,1.,1.,1.,1.,1.,1.,1.,1.,1.,1.,1.,1.,1.,1.,1.,1.,1.,1.,      367P    607
1.,1.,1.,1.,1.,1.,1.,1.,1.,1.,1.,1.,1.,1.,1.,1.,1.,1.,1.,1.,1.,      367P    608
1.,1.,1.,1.,1.,1.,1.,1.,1.,1.,1.,1.,1.,1.,1.,1.,1.,1.,1.,            367P    609
0.24407114624506,0.84230253114009,0.,0.24407114624506,               367P    610
0.84804461888523,0.,0.2451913719923,0.85367637402443,0.,             367P    611
0.24631159773954,0.85930812916364,0.,0.24850899958679,               367P    612
0.86461312650525,0.,0.25070640143404,0.86991812384686,0.,            367P    613
0.25389653446062,0.87469249531811,0.,0.2570866674872,                367P    614
0.87946686678937,0.,0.26114693666995,0.88352713597212,0.,            367P    615
0.2652072058527,0.88758740515487,0.,0.26998157732396,                367P    616
0.89077753818145,0.,0.27475594879521,0.89396767120803,0.,            367P    617
0.28006094613682,0.89616507305528,0.,0.28536594347843,               367P    618
0.89836247490253,0.,0.29099769861764,0.89948270064977,0.,            367P    619
0.29662945375685,0.90060292639701,0.,0.30237154150198,               367P    620
0.90060292639701,0.,0.30811362924711,0.90060292639701,0.,            367P    621
0.31374538438632,0.89948270064977,0.,0.31937713952552,               367P    622
0.89836247490253,0.,0.32468213686713,0.89616507305528,0.,            367P    623
0.32998713420875,0.89396767120803,0.,0.33476150568,                  367P    624
0.89077753818145,0.,0.33953587715125,0.88758740515487,0.,            367P    625
0.343596146334,0.88352713597212,0.,0.34765641551675,                 367P    626
0.87946686678937,0.,0.35084654854333,0.87469249531811,0.,            367P    627
0.35403668156991,0.86991812384686,0.,0.35623408341716,               367P    628
0.86461312650525,0.,0.35843148526441,0.85930812916364,0.,            367P    629
0.35955171101165,0.85367637402443,0.,0.36067193675889,               367P    630
0.84804461888523,0.,0.36067193675889,0.84230253114009,0.,            367P    631
0.36067193675889,0.83656044339496,0.,0.35955171101165,               367P    632
0.83092868825575,0.,0.35843148526441,0.82529693311655,0.,            367P    633
0.35623408341716,0.81999193577494,0.,0.35403668156991,               367P    634
0.81468693843333,0.,0.35084654854333,0.80991256696207,0.,            367P    635
0.34765641551675,0.80513819549082,0.,0.343596146334,                 367P    636
0.80107792630807,0.,0.33953587715125,0.79701765712532,0.,            367P    637
0.33476150568,0.79382752409874,0.,0.32998713420875,                  367P    638
0.79063739107216,0.,0.32468213686713,0.78843998922491,0.,            367P    639
0.31937713952552,0.78624258737766,0.,0.31374538438632,               367P    640
0.78512236163042,0.,0.30811362924711,0.78400213588318,0.,            367P    641
0.30237154150198,0.78400213588318,0.,0.29662945375685,               367P    642
0.78400213588318,0.,0.29099769861764,0.78512236163042,0.,            367P    643
0.28536594347843,0.78624258737766,0.,0.28006094613682,               367P    644
0.78843998922491,0.,0.27475594879521,0.79063739107216,0.,            367P    645
0.26998157732396,0.79382752409874,0.,0.2652072058527,                367P    646
0.79701765712532,0.,0.26114693666995,0.80107792630807,0.,            367P    647
0.2570866674872,0.80513819549082,0.,0.25389653446062,                367P    648
0.80991256696207,0.,0.25070640143404,0.81468693843333,0.,            367P    649
0.24850899958679,0.81999193577494,0.,0.24631159773954,               367P    650
0.82529693311655,0.,0.2451913719923,0.83092868825575,0.,             367P    651
0.24407114624506,0.83656044339496,0.,0.24407114624506,               367P    652
0.84230253114009,0.,0.,6.28318530717959,0.,0.,1.;                    367P    653
102,1,367;                                                           369P    654
124,1.,0.,0.,0.02,0.,1.,0.,0.03464101615138,0.,0.,1.,-0.01;          371P    655
100,0.,0.,0.,0.0059,0.,0.0059,-0.;                                   373P    656
102,1,373;                                                           375P    657
142,1,305,369,375,2;                                                 377P    658
126,64,2,1,1,1,1,0.,0.,0.,0.19634954084936,0.19634954084936,         379P    659
0.39269908169872,0.39269908169872,0.58904862254809,                  379P    660
0.58904862254809,0.78539816339745,0.78539816339745,                  379P    661
0.98174770424681,0.98174770424681,1.17809724509617,                  379P    662
1.17809724509617,1.37444678594553,1.37444678594553,                  379P    663
1.5707963267949,1.5707963267949,1.76714586764426,                    379P    664
1.76714586764426,1.96349540849362,1.96349540849362,                  379P    665
2.15984494934298,2.15984494934298,2.35619449019234,                  379P    666
2.35619449019234,2.55254403104171,2.55254403104171,                  379P    667
2.74889357189107,2.74889357189107,2.94524311274043,                  379P    668
2.94524311274043,3.14159265358979,3.14159265358979,                  379P    669
3.33794219443916,3.33794219443916,3.53429173528852,                  379P    670
3.53429173528852,3.73064127613788,3.73064127613788,                  379P    671
3.92699081698724,3.92699081698724,4.1233403578366,                   379P    672
4.1233403578366,4.31968989868597,4.31968989868597,                   379P    673
4.51603943953533,4.51603943953533,4.71238898038469,                  379P    674
4.71238898038469,4.90873852123405,4.90873852123405,                  379P    675
5.10508806208341,5.10508806208341,5.30143760293278,                  379P    676
5.30143760293278,5.49778714378214,5.49778714378214,                  379P    677
5.6941366846315,5.6941366846315,5.89048622548086,                    379P    678
5.89048622548086,6.08683576633022,6.08683576633022,                  379P    679
6.28318530717959,6.28318530717959,6.28318530717959,1.,1.,1.,1.,      379P    680
1.,1.,1.,1.,1.,1.,1.,1.,1.,1.,1.,1.,1.,1.,1.,1.,1.,1.,1.,1.,1.,      379P    681
1.,1.,1.,1.,1.,1.,1.,1.,1.,1.,1.,1.,1.,1.,1.,1.,1.,1.,1.,1.,1.,      379P    682
1.,1.,1.,1.,1.,1.,1.,1.,1.,1.,1.,1.,1.,1.,1.,1.,1.,1.,1.,            379P    683
0.04644268774704,0.5,0.,0.04644268774704,0.50574208774513,0.,        379P    684
0.04756291349428,0.51137384288434,0.,0.04868313924152,               379P    685
0.51700559802355,0.,0.05088054108877,0.52231059536516,0.,            379P    686
0.05307794293602,0.52761559270677,0.,0.0562680759626,                379P    687
0.53238996417802,0.,0.05945820898918,0.53716433564927,0.,            379P    688
0.06351847817193,0.54122460483202,0.,0.06757874735468,               379P    689
0.54528487401477,0.,0.07235311882593,0.54847500704135,0.,            379P    690
0.07712749029718,0.55166514006794,0.,0.08243248763879,               379P    691
0.55386254191518,0.,0.0877374849804,0.55605994376243,0.,             379P    692
0.09336924011961,0.55718016950967,0.,0.09900099525882,               379P    693
0.55830039525692,0.,0.10474308300395,0.55830039525692,0.,            379P    694
0.11048517074908,0.55830039525692,0.,0.11611692588829,               379P    695
0.55718016950967,0.,0.1217486810275,0.55605994376243,0.,             379P    696
0.12705367836911,0.55386254191518,0.,0.13235867571072,               379P    697
0.55166514006794,0.,0.13713304718197,0.54847500704135,0.,            379P    698
0.14190741865322,0.54528487401477,0.,0.14596768783597,               379P    699
0.54122460483202,0.,0.15002795701873,0.53716433564927,0.,            379P    700
0.15321809004531,0.53238996417802,0.,0.15640822307189,               379P    701
0.52761559270677,0.,0.15860562491914,0.52231059536516,0.,            379P    702
0.16080302676638,0.51700559802355,0.,0.16192325251363,               379P    703
0.51137384288434,0.,0.16304347826087,0.50574208774513,0.,            379P    704
0.16304347826087,0.5,0.,0.16304347826087,0.49425791225487,0.,        379P    705
0.16192325251363,0.48862615711566,0.,0.16080302676638,               379P    706
0.48299440197645,0.,0.15860562491914,0.47768940463484,0.,            379P    707
0.15640822307189,0.47238440729323,0.,0.15321809004531,               379P    708
0.46761003582198,0.,0.15002795701873,0.46283566435073,0.,            379P    709
0.14596768783597,0.45877539516798,0.,0.14190741865322,               379P    710
0.45471512598523,0.,0.13713304718197,0.45152499295865,0.,            379P    711
0.13235867571072,0.44833485993206,0.,0.12705367836911,               379P    712
0.44613745808482,0.,0.1217486810275,0.44394005623757,0.,             379P    713
0.11611692588829,0.44281983049033,0.,0.11048517074908,               379P    714
0.44169960474308,0.,0.10474308300395,0.44169960474308,0.,            379P    715
0.09900099525882,0.44169960474308,0.,0.09336924011961,               379P    716
0.44281983049033,0.,0.0877374849804,0.44394005623757,0.,             379P    717
0.08243248763879,0.44613745808482,0.,0.07712749029718,               379P    718
0.44833485993206,0.,0.07235311882593,0.45152499295865,0.,            379P    719
0.06757874735468,0.45471512598523,0.,0.06351847817193,               379P    720
0.45877539516798,0.,0.05945820898918,0.46283566435073,0.,            379P    721
0.0562680759626,0.46761003582198,0.,0.05307794293602,                379P    722
0.47238440729323,0.,0.05088054108877,0.47768940463484,0.,            379P    723
0.04868313924152,0.48299440197645,0.,0.04756291349428,               379P    724
0.48862615711566,0.,0.04644268774704,0.49425791225487,0.,            379P    725
0.04644268774704,0.5,0.,0.,6.28318530717959,0.,0.,1.;                379P    726
102,1,379;                                                           381P    727
124,1.,0.,0.,0.04,0.,1.,0.,0.,0.,0.,1.,-0.01;                        383P    728
100,0.,0.,0.,0.0059,0.,0.0059,-0.;                                   385P    729
102,1,385;                                                           387P    730
142,1,305,381,387,2;                                                 389P    731
144,305,1,6,317,329,341,353,365,377,389;                             391P    732
314,8.62745121121407,31.76470696926117,69.01960968971252,10HMixe     393P    733
dColor;                                                              393P    734
110,-0.0506,-0.0506,0.,0.0506,-0.0506,0.;                            395P    735
122,395,-0.0506,0.0506,0.;                                           397P    736
126,64,2,1,1,1,1,0.,0.,0.,0.19634954084936,0.19634954084936,         399P    737
0.39269908169872,0.39269908169872,0.58904862254809,                  399P    738
0.58904862254809,0.78539816339745,0.78539816339745,                  399P    739
0.98174770424681,0.98174770424681,1.17809724509617,                  399P    740
1.17809724509617,1.37444678594553,1.37444678594553,                  399P    741
1.5707963267949,1.5707963267949,1.76714586764426,                    399P    742
1.76714586764426,1.96349540849362,1.96349540849362,                  399P    743
2.15984494934298,2.15984494934298,2.35619449019234,                  399P    744
2.35619449019234,2.55254403104171,2.55254403104171,                  399P    745
2.74889357189107,2.74889357189107,2.94524311274043,                  399P    746
2.94524311274043,3.14159265358979,3.14159265358979,                  399P    747
3.33794219443916,3.33794219443916,3.53429173528852,                  399P    748
3.53429173528852,3.73064127613788,3.73064127613788,                  399P    749
3.92699081698724,3.92699081698724,4.1233403578366,                   399P    750
4.1233403578366,4.31968989868597,4.31968989868597,                   399P    751
4.51603943953533,4.51603943953533,4.71238898038469,                  399P    752
4.71238898038469,4.90873852123405,4.90873852123405,                  399P    753
5.10508806208341,5.10508806208341,5.30143760293278,                  399P    754
5.30143760293278,5.49778714378214,5.49778714378214,                  399P    755
5.6941366846315,5.6941366846315,5.89048622548086,                    399P    756
5.89048622548086,6.08683576633022,6.08683576633022,                  399P    757
6.28318530717959,6.28318530717959,6.28318530717959,1.,1.,1.,1.,      399P    758
1.,1.,1.,1.,1.,1.,1.,1.,1.,1.,1.,1.,1.,1.,1.,1.,1.,1.,1.,1.,1.,      399P    759
1.,1.,1.,1.,1.,1.,1.,1.,1.,1.,1.,1.,1.,1.,1.,1.,1.,1.,1.,1.,1.,      399P    760
1.,1.,1.,1.,1.,1.,1.,1.,1.,1.,1.,1.,1.,1.,1.,1.,1.,1.,1.,            399P    761
0.99407114624506,0.5,0.,0.99407114624506,0.54866176055196,0.,        399P    762
0.98457770770911,0.59638849901983,0.,0.97508426917315,               399P    763
0.64411523748769,0.,0.9564622196202,0.68907284207761,0.,             399P    764
0.93784017006725,0.73403044666753,0.,0.91080514441825,               399P    765
0.77449122184763,0.,0.88377011876926,0.81495199702773,0.,            399P    766
0.84936105789849,0.84936105789849,0.,0.81495199702773,               399P    767
0.88377011876926,0.,0.77449122184763,0.91080514441825,0.,            399P    768
0.73403044666753,0.93784017006725,0.,0.68907284207761,               399P    769
0.9564622196202,0.,0.64411523748769,0.97508426917315,0.,             399P    770
0.59638849901983,0.98457770770911,0.,0.54866176055196,               399P    771
0.99407114624506,0.,0.5,0.99407114624506,0.,0.45133823944804,        399P    772
0.99407114624506,0.,0.40361150098017,0.98457770770911,0.,            399P    773
0.35588476251231,0.97508426917315,0.,0.31092715792239,               399P    774
0.9564622196202,0.,0.26596955333247,0.93784017006725,0.,             399P    775
0.22550877815237,0.91080514441825,0.,0.18504800297227,               399P    776
0.88377011876926,0.,0.15063894210151,0.84936105789849,0.,            399P    777
0.11622988123074,0.81495199702773,0.,0.08919485558175,               399P    778
0.77449122184763,0.,0.06215982993275,0.73403044666753,0.,            399P    779
0.0435377803798,0.68907284207761,0.,0.02491573082685,                399P    780
0.64411523748769,0.,0.01542229229089,0.59638849901983,0.,            399P    781
0.00592885375494,0.54866176055196,0.,0.00592885375494,0.5,0.,        399P    782
0.00592885375494,0.45133823944804,0.,0.01542229229089,               399P    783
0.40361150098017,0.,0.02491573082685,0.35588476251231,0.,            399P    784
0.0435377803798,0.31092715792239,0.,0.06215982993275,                399P    785
0.26596955333247,0.,0.08919485558175,0.22550877815237,0.,            399P    786
0.11622988123074,0.18504800297227,0.,0.15063894210151,               399P    787
0.15063894210151,0.,0.18504800297227,0.11622988123074,0.,            399P    788
0.22550877815237,0.08919485558175,0.,0.26596955333247,               399P    789
0.06215982993275,0.,0.31092715792239,0.0435377803798,0.,             399P    790
0.35588476251231,0.02491573082685,0.,0.40361150098017,               399P    791
0.01542229229089,0.,0.45133823944804,0.00592885375494,0.,0.5,        399P    792
0.00592885375494,0.,0.54866176055196,0.00592885375494,0.,            399P    793
0.59638849901983,0.01542229229089,0.,0.64411523748769,               399P    794
0.02491573082685,0.,0.68907284207761,0.0435377803798,0.,             399P    795
0.73403044666753,0.06215982993275,0.,0.77449122184763,               399P    796
0.08919485558175,0.,0.81495199702773,0.11622988123074,0.,            399P    797
0.84936105789849,0.15063894210151,0.,0.88377011876926,               399P    798
0.18504800297227,0.,0.91080514441825,0.22550877815237,0.,            399P    799
0.93784017006725,0.26596955333247,0.,0.9564622196202,                399P    800
0.31092715792239,0.,0.97508426917315,0.35588476251231,0.,            399P    801
0.98457770770911,0.40361150098017,0.,0.99407114624506,               399P    802
0.45133823944804,0.,0.99407114624506,0.5,0.,0.,6.28318530717959,     399P    803
0.,0.,1.;                                                            399P    804
102,1,399;                                                           401P    805
100,0.,0.,0.,0.05,0.,0.05,-0.;                                       403P    806
102,1,403;                                                           405P    807
142,1,397,401,405,2;                                                 407P    808
126,64,2,1,1,1,1,-9.42477796076938,-9.42477796076938,                409P    809
-9.42477796076938,-9.22842841992002,-9.22842841992002,               409P    810
-9.03207887907065,-9.03207887907065,-8.83572933822129,               409P    811
-8.83572933822129,-8.63937979737193,-8.63937979737193,               409P    812
-8.44303025652257,-8.44303025652257,-8.24668071567321,               409P    813
-8.24668071567321,-8.05033117482384,-8.05033117482384,               409P    814
-7.85398163397448,-7.85398163397448,-7.65763209312512,               409P    815
-7.65763209312512,-7.46128255227576,-7.46128255227576,               409P    816
-7.2649330114264,-7.2649330114264,-7.06858347057703,                 409P    817
-7.06858347057703,-6.87223392972767,-6.87223392972767,               409P    818
-6.67588438887831,-6.67588438887831,-6.47953484802895,               409P    819
-6.47953484802895,-6.28318530717959,-6.28318530717959,               409P    820
-6.08683576633022,-6.08683576633022,-5.89048622548086,               409P    821
-5.89048622548086,-5.6941366846315,-5.6941366846315,                 409P    822
-5.49778714378214,-5.49778714378214,-5.30143760293278,               409P    823
-5.30143760293278,-5.10508806208341,-5.10508806208341,               409P    824
-4.90873852123405,-4.90873852123405,-4.71238898038469,               409P    825
-4.71238898038469,-4.51603943953533,-4.51603943953533,               409P    826
-4.31968989868597,-4.31968989868597,-4.1233403578366,                409P    827
-4.1233403578366,-3.92699081698724,-3.92699081698724,                409P    828
-3.73064127613788,-3.73064127613788,-3.53429173528852,               409P    829
-3.53429173528852,-3.33794219443916,-3.33794219443916,               409P    830
-3.14159265358979,-3.14159265358979,-3.14159265358979,1.,1.,1.,      409P    831
1.,1.,1.,1.,1.,1.,1.,1.,1.,1.,1.,1.,1.,1.,1.,1.,1.,1.,1.,1.,1.,      409P    832
1.,1.,1.,1.,1.,1.,1.,1.,1.,1.,1.,1.,1.,1.,1.,1.,1.,1.,1.,1.,1.,      409P    833
1.,1.,1.,1.,1.,1.,1.,1.,1.,1.,1.,1.,1.,1.,1.,1.,1.,1.,1.,1.,         409P    834
0.25296442687747,0.5,0.,0.25296442687747,0.52433088027598,0.,        409P    835
0.25771114614545,0.54819424950991,0.,0.26245786541342,               409P    836
0.57205761874385,0.,0.2717688901899,0.59453642103881,0.,             409P    837
0.28107991496638,0.61701522333377,0.,0.29459742779087,               409P    838
0.63724561092382,0.,0.30811494061537,0.65747599851386,0.,            409P    839
0.32531947105075,0.67468052894925,0.,0.34252400148614,               409P    840
0.69188505938463,0.,0.36275438907619,0.70540257220913,0.,            409P    841
0.38298477666623,0.71892008503362,0.,0.40546357896119,               409P    842
0.7282311098101,0.,0.42794238125615,0.73754213458658,0.,             409P    843
0.45180575049009,0.74228885385455,0.,0.47566911972402,               409P    844
0.74703557312253,0.,0.5,0.74703557312253,0.,0.52433088027598,        409P    845
0.74703557312253,0.,0.54819424950991,0.74228885385455,0.,            409P    846
0.57205761874385,0.73754213458658,0.,0.59453642103881,               409P    847
0.7282311098101,0.,0.61701522333377,0.71892008503362,0.,             409P    848
0.63724561092381,0.70540257220913,0.,0.65747599851386,               409P    849
0.69188505938463,0.,0.67468052894925,0.67468052894925,0.,            409P    850
0.69188505938463,0.65747599851386,0.,0.70540257220913,               409P    851
0.63724561092381,0.,0.71892008503362,0.61701522333377,0.,            409P    852
0.7282311098101,0.59453642103881,0.,0.73754213458658,                409P    853
0.57205761874385,0.,0.74228885385455,0.54819424950991,0.,            409P    854
0.74703557312253,0.52433088027598,0.,0.74703557312253,0.5,0.,        409P    855
0.74703557312253,0.47566911972402,0.,0.74228885385455,               409P    856
0.45180575049009,0.,0.73754213458658,0.42794238125615,0.,            409P    857
0.7282311098101,0.40546357896119,0.,0.71892008503362,                409P    858
0.38298477666623,0.,0.70540257220913,0.36275438907619,0.,            409P    859
0.69188505938463,0.34252400148614,0.,0.67468052894925,               409P    860
0.32531947105075,0.,0.65747599851386,0.30811494061537,0.,            409P    861
0.63724561092381,0.29459742779087,0.,0.61701522333377,               409P    862
0.28107991496638,0.,0.59453642103881,0.2717688901899,0.,             409P    863
0.57205761874385,0.26245786541342,0.,0.54819424950991,               409P    864
0.25771114614545,0.,0.52433088027598,0.25296442687747,0.,0.5,        409P    865
0.25296442687747,0.,0.47566911972402,0.25296442687747,0.,            409P    866
0.45180575049009,0.25771114614545,0.,0.42794238125615,               409P    867
0.26245786541342,0.,0.40546357896119,0.2717688901899,0.,             409P    868
0.38298477666623,0.28107991496638,0.,0.36275438907619,               409P    869
0.29459742779087,0.,0.34252400148614,0.30811494061537,0.,            409P    870
0.32531947105075,0.32531947105075,0.,0.30811494061537,               409P    871
0.34252400148614,0.,0.29459742779087,0.36275438907619,0.,            409P    872
0.28107991496638,0.38298477666623,0.,0.2717688901899,                409P    873
0.40546357896119,0.,0.26245786541342,0.42794238125615,0.,            409P    874
0.25771114614545,0.45180575049009,0.,0.25296442687747,               409P    875
0.47566911972402,0.,0.25296442687747,0.5,0.,-9.42477796076938,       409P    876
-3.14159265358979,0.,0.,1.;                                          409P    877
102,1,409;                                                           411P    878
124,1.,0.,0.,0.,0.,-1.,0.,0.,0.,0.,-1.,0.;                           413P    879
100,0.,0.,0.,-0.025,-0.,-0.025,-0.;                                  415P    880
102,1,415;                                                           417P    881
142,1,397,411,417,2;                                                 419P    882
126,64,2,1,1,1,1,-6.28318530717959,-6.28318530717959,                421P    883
-6.28318530717959,-6.08683576633022,-6.08683576633022,               421P    884
-5.89048622548086,-5.89048622548086,-5.6941366846315,                421P    885
-5.6941366846315,-5.49778714378214,-5.49778714378214,                421P    886
-5.30143760293278,-5.30143760293278,-5.10508806208341,               421P    887
-5.10508806208341,-4.90873852123405,-4.90873852123405,               421P    888
-4.71238898038469,-4.71238898038469,-4.51603943953533,               421P    889
-4.51603943953533,-4.31968989868597,-4.31968989868597,               421P    890
-4.1233403578366,-4.1233403578366,-3.92699081698724,                 421P    891
-3.92699081698724,-3.73064127613788,-3.73064127613788,               421P    892
-3.53429173528852,-3.53429173528852,-3.33794219443916,               421P    893
-3.33794219443916,-3.14159265358979,-3.14159265358979,               421P    894
-2.94524311274043,-2.94524311274043,-2.74889357189107,               421P    895
-2.74889357189107,-2.55254403104171,-2.55254403104171,               421P    896
-2.35619449019234,-2.35619449019234,-2.15984494934298,               421P    897
-2.15984494934298,-1.96349540849362,-1.96349540849362,               421P    898
-1.76714586764426,-1.76714586764426,-1.5707963267949,                421P    899
-1.5707963267949,-1.37444678594553,-1.37444678594553,                421P    900
-1.17809724509617,-1.17809724509617,-0.98174770424681,               421P    901
-0.98174770424681,-0.78539816339745,-0.78539816339745,               421P    902
-0.58904862254809,-0.58904862254809,-0.39269908169872,               421P    903
-0.39269908169872,-0.19634954084936,-0.19634954084936,0.,0.,0.,      421P    904
1.,1.,1.,1.,1.,1.,1.,1.,1.,1.,1.,1.,1.,1.,1.,1.,1.,1.,1.,1.,1.,      421P    905
1.,1.,1.,1.,1.,1.,1.,1.,1.,1.,1.,1.,1.,1.,1.,1.,1.,1.,1.,1.,1.,      421P    906
1.,1.,1.,1.,1.,1.,1.,1.,1.,1.,1.,1.,1.,1.,1.,1.,1.,1.,1.,1.,1.,      421P    907
1.,1.,0.75592885375494,0.15769746885991,0.,0.75592885375494,         421P    908
0.15195538111477,0.,0.7548086280077,0.14632362597557,0.,             421P    909
0.75368840226046,0.14069187083636,0.,0.75149100041321,               421P    910
0.13538687349475,0.,0.74929359856596,0.13008187615314,0.,            421P    911
0.74610346553938,0.12530750468189,0.,0.7429133325128,                421P    912
0.12053313321063,0.,0.73885306333005,0.11647286402788,0.,            421P    913
0.7347927941473,0.11241259484513,0.,0.73001842267604,                421P    914
0.10922246181855,0.,0.72524405120479,0.10603232879197,0.,            421P    915
0.71993905386318,0.10383492694472,0.,0.71463405652157,               421P    916
0.10163752509747,0.,0.70900230138236,0.10051729935023,0.,            421P    917
0.70337054624315,0.09939707360299,0.,0.69762845849802,               421P    918
0.09939707360299,0.,0.69188637075289,0.09939707360299,0.,            421P    919
0.68625461561368,0.10051729935023,0.,0.68062286047448,               421P    920
0.10163752509747,0.,0.67531786313287,0.10383492694472,0.,            421P    921
0.67001286579125,0.10603232879197,0.,0.66523849432,                  421P    922
0.10922246181855,0.,0.66046412284875,0.11241259484513,0.,            421P    923
0.656403853666,0.11647286402788,0.,0.65234358448325,                 421P    924
0.12053313321063,0.,0.64915345145667,0.12530750468189,0.,            421P    925
0.64596331843009,0.13008187615314,0.,0.64376591658284,               421P    926
0.13538687349475,0.,0.64156851473559,0.14069187083636,0.,            421P    927
0.64044828898835,0.14632362597557,0.,0.63932806324111,               421P    928
0.15195538111477,0.,0.63932806324111,0.15769746885991,0.,            421P    929
0.63932806324111,0.16343955660504,0.,0.64044828898835,               421P    930
0.16907131174425,0.,0.64156851473559,0.17470306688345,0.,            421P    931
0.64376591658284,0.18000806422506,0.,0.64596331843009,               421P    932
0.18531306156667,0.,0.64915345145667,0.19008743303793,0.,            421P    933
0.65234358448325,0.19486180450918,0.,0.656403853666,                 421P    934
0.19892207369193,0.,0.66046412284875,0.20298234287468,0.,            421P    935
0.66523849432,0.20617247590126,0.,0.67001286579125,                  421P    936
0.20936260892784,0.,0.67531786313287,0.21156001077509,0.,            421P    937
0.68062286047448,0.21375741262234,0.,0.68625461561368,               421P    938
0.21487763836958,0.,0.69188637075289,0.21599786411682,0.,            421P    939
0.69762845849802,0.21599786411682,0.,0.70337054624315,               421P    940
0.21599786411682,0.,0.70900230138236,0.21487763836958,0.,            421P    941
0.71463405652157,0.21375741262234,0.,0.71993905386318,               421P    942
0.21156001077509,0.,0.72524405120479,0.20936260892784,0.,            421P    943
0.73001842267604,0.20617247590126,0.,0.7347927941473,                421P    944
0.20298234287468,0.,0.73885306333005,0.19892207369193,0.,            421P    945
0.7429133325128,0.19486180450918,0.,0.74610346553938,                421P    946
0.19008743303793,0.,0.74929359856596,0.18531306156667,0.,            421P    947
0.75149100041321,0.18000806422506,0.,0.75368840226046,               421P    948
0.17470306688345,0.,0.7548086280077,0.16907131174425,0.,             421P    949
0.75592885375494,0.16343955660504,0.,0.75592885375494,               421P    950
0.15769746885991,0.,-6.28318530717959,0.,0.,0.,1.;                   421P    951
102,1,421;                                                           423P    952
124,1.,0.,0.,0.02,0.,-1.,0.,-0.03464101615138,0.,0.,-1.,0.;          425P    953
100,0.,0.,0.,0.0059,0.,0.0059,0.;                                    427P    954
102,1,427;                                                           429P    955
142,1,397,423,429,2;                                                 431P    956
126,64,2,1,1,1,1,-6.28318530717959,-6.28318530717959,                433P    957
-6.28318530717959,-6.08683576633022,-6.08683576633022,               433P    958
-5.89048622548086,-5.89048622548086,-5.6941366846315,                433P    959
-5.6941366846315,-5.49778714378214,-5.49778714378214,                433P    960
-5.30143760293278,-5.30143760293278,-5.10508806208341,               433P    961
-5.10508806208341,-4.90873852123405,-4.90873852123405,               433P    962
-4.71238898038469,-4.71238898038469,-4.51603943953533,               433P    963
-4.51603943953533,-4.31968989868597,-4.31968989868597,               433P    964
-4.1233403578366,-4.1233403578366,-3.92699081698724,                 433P    965
-3.92699081698724,-3.73064127613788,-3.73064127613788,               433P    966
-3.53429173528852,-3.53429173528852,-3.33794219443916,               433P    967
-3.33794219443916,-3.14159265358979,-3.14159265358979,               433P    968
-2.94524311274043,-2.94524311274043,-2.74889357189107,               433P    969
-2.74889357189107,-2.55254403104171,-2.55254403104171,               433P    970
-2.35619449019234,-2.35619449019234,-2.15984494934298,               433P    971
-2.15984494934298,-1.96349540849362,-1.96349540849362,               433P    972
-1.76714586764426,-1.76714586764426,-1.5707963267949,                433P    973
-1.5707963267949,-1.37444678594553,-1.37444678594553,                433P    974
-1.17809724509617,-1.17809724509617,-0.98174770424681,               433P    975
-0.98174770424681,-0.78539816339745,-0.78539816339745,               433P    976
-0.58904862254809,-0.58904862254809,-0.39269908169872,               433P    977
-0.39269908169872,-0.19634954084936,-0.19634954084936,0.,0.,0.,      433P    978
1.,1.,1.,1.,1.,1.,1.,1.,1.,1.,1.,1.,1.,1.,1.,1.,1.,1.,1.,1.,1.,      433P    979
1.,1.,1.,1.,1.,1.,1.,1.,1.,1.,1.,1.,1.,1.,1.,1.,1.,1.,1.,1.,1.,      433P    980
1.,1.,1.,1.,1.,1.,1.,1.,1.,1.,1.,1.,1.,1.,1.,1.,1.,1.,1.,1.,1.,      433P    981
1.,1.,0.36067193675889,0.15769746885991,0.,0.36067193675889,         433P    982
0.15195538111477,0.,0.35955171101165,0.14632362597557,0.,            433P    983
0.35843148526441,0.14069187083636,0.,0.35623408341716,               433P    984
0.13538687349475,0.,0.35403668156991,0.13008187615314,0.,            433P    985
0.35084654854333,0.12530750468189,0.,0.34765641551675,               433P    986
0.12053313321063,0.,0.343596146334,0.11647286402788,0.,              433P    987
0.33953587715125,0.11241259484513,0.,0.33476150568,                  433P    988
0.10922246181855,0.,0.32998713420875,0.10603232879197,0.,            433P    989
0.32468213686713,0.10383492694472,0.,0.31937713952552,               433P    990
0.10163752509747,0.,0.31374538438632,0.10051729935023,0.,            433P    991
0.30811362924711,0.09939707360299,0.,0.30237154150198,               433P    992
0.09939707360299,0.,0.29662945375685,0.09939707360299,0.,            433P    993
0.29099769861764,0.10051729935023,0.,0.28536594347843,               433P    994
0.10163752509747,0.,0.28006094613682,0.10383492694472,0.,            433P    995
0.27475594879521,0.10603232879197,0.,0.26998157732396,               433P    996
0.10922246181855,0.,0.2652072058527,0.11241259484513,0.,             433P    997
0.26114693666995,0.11647286402788,0.,0.2570866674872,                433P    998
0.12053313321063,0.,0.25389653446062,0.12530750468189,0.,            433P    999
0.25070640143404,0.13008187615314,0.,0.24850899958679,               433P   1000
0.13538687349475,0.,0.24631159773954,0.14069187083636,0.,            433P   1001
0.2451913719923,0.14632362597557,0.,0.24407114624506,                433P   1002
0.15195538111477,0.,0.24407114624506,0.15769746885991,0.,            433P   1003
0.24407114624506,0.16343955660504,0.,0.2451913719923,                433P   1004
0.16907131174425,0.,0.24631159773954,0.17470306688345,0.,            433P   1005
0.24850899958679,0.18000806422506,0.,0.25070640143404,               433P   1006
0.18531306156667,0.,0.25389653446062,0.19008743303793,0.,            433P   1007
0.2570866674872,0.19486180450918,0.,0.26114693666995,                433P   1008
0.19892207369193,0.,0.2652072058527,0.20298234287468,0.,             433P   1009
0.26998157732396,0.20617247590126,0.,0.27475594879521,               433P   1010
0.20936260892784,0.,0.28006094613682,0.21156001077509,0.,            433P   1011
0.28536594347843,0.21375741262234,0.,0.29099769861764,               433P   1012
0.21487763836958,0.,0.29662945375685,0.21599786411682,0.,            433P   1013
0.30237154150198,0.21599786411682,0.,0.30811362924711,               433P   1014
0.21599786411682,0.,0.31374538438632,0.21487763836958,0.,            433P   1015
0.31937713952552,0.21375741262234,0.,0.32468213686713,               433P   1016
0.21156001077509,0.,0.32998713420875,0.20936260892784,0.,            433P   1017
0.33476150568,0.20617247590126,0.,0.33953587715125,                  433P   1018
0.20298234287468,0.,0.343596146334,0.19892207369193,0.,              433P   1019
0.34765641551675,0.19486180450918,0.,0.35084654854333,               433P   1020
0.19008743303793,0.,0.35403668156991,0.18531306156667,0.,            433P   1021
0.35623408341716,0.18000806422506,0.,0.35843148526441,               433P   1022
0.17470306688345,0.,0.35955171101165,0.16907131174425,0.,            433P   1023
0.36067193675889,0.16343955660504,0.,0.36067193675889,               433P   1024
0.15769746885991,0.,-6.28318530717959,0.,0.,0.,1.;                   433P   1025
102,1,433;                                                           435P   1026
124,1.,0.,0.,-0.02,0.,-1.,0.,-0.03464101615138,0.,0.,-1.,0.;         437P   1027
100,0.,0.,0.,0.0059,0.,0.0059,0.;                                    439P   1028
102,1,439;                                                           441P   1029
142,1,397,435,441,2;                                                 443P   1030
126,64,2,1,1,1,1,-6.28318530717959,-6.28318530717959,                445P   1031
-6.28318530717959,-6.08683576633022,-6.08683576633022,               445P   1032
-5.89048622548086,-5.89048622548086,-5.6941366846315,                445P   1033
-5.6941366846315,-5.49778714378214,-5.49778714378214,                445P   1034
-5.30143760293278,-5.30143760293278,-5.10508806208341,               445P   1035
-5.10508806208341,-4.90873852123405,-4.90873852123405,               445P   1036
-4.71238898038469,-4.71238898038469,-4.51603943953533,               445P   1037
-4.51603943953533,-4.31968989868597,-4.31968989868597,               445P   1038
-4.1233403578366,-4.1233403578366,-3.92699081698724,                 445P   1039
-3.92699081698724,-3.73064127613788,-3.73064127613788,               445P   1040
-3.53429173528852,-3.53429173528852,-3.33794219443916,               445P   1041
-3.33794219443916,-3.14159265358979,-3.14159265358979,               445P   1042
-2.94524311274043,-2.94524311274043,-2.74889357189107,               445P   1043
-2.74889357189107,-2.55254403104171,-2.55254403104171,               445P   1044
-2.35619449019234,-2.35619449019234,-2.15984494934298,               445P   1045
-2.15984494934298,-1.96349540849362,-1.96349540849362,               445P   1046
-1.76714586764426,-1.76714586764426,-1.5707963267949,                445P   1047
-1.5707963267949,-1.37444678594553,-1.37444678594553,                445P   1048
-1.17809724509617,-1.17809724509617,-0.98174770424681,               445P   1049
-0.98174770424681,-0.78539816339745,-0.78539816339745,               445P   1050
-0.58904862254809,-0.58904862254809,-0.39269908169872,               445P   1051
-0.39269908169872,-0.19634954084936,-0.19634954084936,0.,0.,0.,      445P   1052
1.,1.,1.,1.,1.,1.,1.,1.,1.,1.,1.,1.,1.,1.,1.,1.,1.,1.,1.,1.,1.,      445P   1053
1.,1.,1.,1.,1.,1.,1.,1.,1.,1.,1.,1.,1.,1.,1.,1.,1.,1.,1.,1.,1.,      445P   1054
1.,1.,1.,1.,1.,1.,1.,1.,1.,1.,1.,1.,1.,1.,1.,1.,1.,1.,1.,1.,1.,      445P   1055
1.,1.,0.16304347826087,0.5,0.,0.16304347826087,0.49425791225487,     445P   1056
0.,0.16192325251363,0.48862615711566,0.,0.16080302676638,            445P   1057
0.48299440197645,0.,0.15860562491914,0.47768940463484,0.,            445P   1058
0.15640822307189,0.47238440729323,0.,0.15321809004531,               445P   1059
0.46761003582198,0.,0.15002795701873,0.46283566435073,0.,            445P   1060
0.14596768783597,0.45877539516798,0.,0.14190741865322,               445P   1061
0.45471512598523,0.,0.13713304718197,0.45152499295865,0.,            445P   1062
0.13235867571072,0.44833485993206,0.,0.12705367836911,               445P   1063
0.44613745808482,0.,0.1217486810275,0.44394005623757,0.,             445P   1064
0.11611692588829,0.44281983049033,0.,0.11048517074908,               445P   1065
0.44169960474308,0.,0.10474308300395,0.44169960474308,0.,            445P   1066
0.09900099525882,0.44169960474308,0.,0.09336924011961,               445P   1067
0.44281983049033,0.,0.0877374849804,0.44394005623757,0.,             445P   1068
0.08243248763879,0.44613745808482,0.,0.07712749029718,               445P   1069
0.44833485993206,0.,0.07235311882593,0.45152499295865,0.,            445P   1070
0.06757874735468,0.45471512598523,0.,0.06351847817193,               445P   1071
0.45877539516798,0.,0.05945820898918,0.46283566435073,0.,            445P   1072
0.0562680759626,0.46761003582198,0.,0.05307794293602,                445P   1073
0.47238440729323,0.,0.05088054108877,0.47768940463484,0.,            445P   1074
0.04868313924152,0.48299440197645,0.,0.04756291349428,               445P   1075
0.48862615711566,0.,0.04644268774704,0.49425791225487,0.,            445P   1076
0.04644268774704,0.5,0.,0.04644268774704,0.50574208774513,0.,        445P   1077
0.04756291349428,0.51137384288434,0.,0.04868313924152,               445P   1078
0.51700559802355,0.,0.05088054108877,0.52231059536516,0.,            445P   1079
0.05307794293602,0.52761559270677,0.,0.0562680759626,                445P   1080
0.53238996417802,0.,0.05945820898918,0.53716433564927,0.,            445P   1081
0.06351847817193,0.54122460483202,0.,0.06757874735468,               445P   1082
0.54528487401477,0.,0.07235311882593,0.54847500704135,0.,            445P   1083
0.07712749029718,0.55166514006794,0.,0.08243248763879,               445P   1084
0.55386254191518,0.,0.0877374849804,0.55605994376243,0.,             445P   1085
0.09336924011961,0.55718016950967,0.,0.09900099525882,               445P   1086
0.55830039525692,0.,0.10474308300395,0.55830039525692,0.,            445P   1087
0.11048517074908,0.55830039525692,0.,0.11611692588829,               445P   1088
0.55718016950967,0.,0.1217486810275,0.55605994376243,0.,             445P   1089
0.12705367836911,0.55386254191518,0.,0.13235867571072,               445P   1090
0.55166514006794,0.,0.13713304718197,0.54847500704135,0.,            445P   1091
0.14190741865322,0.54528487401477,0.,0.14596768783597,               445P   1092
0.54122460483202,0.,0.15002795701873,0.53716433564927,0.,            445P   1093
0.15321809004531,0.53238996417802,0.,0.15640822307189,               445P   1094
0.52761559270677,0.,0.15860562491914,0.52231059536516,0.,            445P   1095
0.16080302676638,0.51700559802355,0.,0.16192325251363,               445P   1096
0.51137384288434,0.,0.16304347826087,0.50574208774513,0.,            445P   1097
0.16304347826087,0.5,0.,-6.28318530717959,0.,0.,0.,1.;               445P   1098
102,1,445;                                                           447P   1099
124,1.,0.,0.,-0.04,0.,-1.,0.,0.,0.,0.,-1.,0.;                        449P   1100
100,0.,0.,0.,0.0059,0.,0.0059,0.;                                    451P   1101
102,1,451;                                                           453P   1102
142,1,397,447,453,2;                                                 455P   1103
126,64,2,1,1,1,1,-6.28318530717959,-6.28318530717959,                457P   1104
-6.28318530717959,-6.08683576633022,-6.08683576633022,               457P   1105
-5.89048622548086,-5.89048622548086,-5.6941366846315,                457P   1106
-5.6941366846315,-5.49778714378214,-5.49778714378214,                457P   1107
-5.30143760293278,-5.30143760293278,-5.10508806208341,               457P   1108
-5.10508806208341,-4.90873852123405,-4.90873852123405,               457P   1109
-4.71238898038469,-4.71238898038469,-4.51603943953533,               457P   1110
-4.51603943953533,-4.31968989868597,-4.31968989868597,               457P   1111
-4.1233403578366,-4.1233403578366,-3.92699081698724,                 457P   1112
-3.92699081698724,-3.73064127613788,-3.73064127613788,               457P   1113
-3.53429173528852,-3.53429173528852,-3.33794219443916,               457P   1114
-3.33794219443916,-3.14159265358979,-3.14159265358979,               457P   1115
-2.94524311274043,-2.94524311274043,-2.74889357189107,               457P   1116
-2.74889357189107,-2.55254403104171,-2.55254403104171,               457P   1117
-2.35619449019234,-2.35619449019234,-2.15984494934298,               457P   1118
-2.15984494934298,-1.96349540849362,-1.96349540849362,               457P   1119
-1.76714586764426,-1.76714586764426,-1.5707963267949,                457P   1120
-1.5707963267949,-1.37444678594553,-1.37444678594553,                457P   1121
-1.17809724509617,-1.17809724509617,-0.98174770424681,               457P   1122
-0.98174770424681,-0.78539816339745,-0.78539816339745,               457P   1123
-0.58904862254809,-0.58904862254809,-0.39269908169872,               457P   1124
-0.39269908169872,-0.19634954084936,-0.19634954084936,0.,0.,0.,      457P   1125
1.,1.,1.,1.,1.,1.,1.,1.,1.,1.,1.,1.,1.,1.,1.,1.,1.,1.,1.,1.,1.,      457P   1126
1.,1.,1.,1.,1.,1.,1.,1.,1.,1.,1.,1.,1.,1.,1.,1.,1.,1.,1.,1.,1.,      457P   1127
1.,1.,1.,1.,1.,1.,1.,1.,1.,1.,1.,1.,1.,1.,1.,1.,1.,1.,1.,1.,1.,      457P   1128
1.,1.,0.36067193675889,0.84230253114009,0.,0.36067193675889,         457P   1129
0.83656044339496,0.,0.35955171101165,0.83092868825575,0.,            457P   1130
0.35843148526441,0.82529693311655,0.,0.35623408341716,               457P   1131
0.81999193577494,0.,0.35403668156991,0.81468693843333,0.,            457P   1132
0.35084654854333,0.80991256696207,0.,0.34765641551675,               457P   1133
0.80513819549082,0.,0.343596146334,0.80107792630807,0.,              457P   1134
0.33953587715125,0.79701765712532,0.,0.33476150568,                  457P   1135
0.79382752409874,0.,0.32998713420875,0.79063739107216,0.,            457P   1136
0.32468213686713,0.78843998922491,0.,0.31937713952552,               457P   1137
0.78624258737766,0.,0.31374538438632,0.78512236163042,0.,            457P   1138
0.30811362924711,0.78400213588318,0.,0.30237154150198,               457P   1139
0.78400213588318,0.,0.29662945375685,0.78400213588318,0.,            457P   1140
0.29099769861764,0.78512236163042,0.,0.28536594347843,               457P   1141
0.78624258737766,0.,0.28006094613682,0.78843998922491,0.,            457P   1142
0.27475594879521,0.79063739107216,0.,0.26998157732396,               457P   1143
0.79382752409874,0.,0.2652072058527,0.79701765712532,0.,             457P   1144
0.26114693666995,0.80107792630807,0.,0.2570866674872,                457P   1145
0.80513819549082,0.,0.25389653446062,0.80991256696207,0.,            457P   1146
0.25070640143404,0.81468693843333,0.,0.24850899958679,               457P   1147
0.81999193577494,0.,0.24631159773954,0.82529693311655,0.,            457P   1148
0.2451913719923,0.83092868825575,0.,0.24407114624506,                457P   1149
0.83656044339496,0.,0.24407114624506,0.84230253114009,0.,            457P   1150
0.24407114624506,0.84804461888523,0.,0.2451913719923,                457P   1151
0.85367637402443,0.,0.24631159773954,0.85930812916364,0.,            457P   1152
0.24850899958679,0.86461312650525,0.,0.25070640143404,               457P   1153
0.86991812384686,0.,0.25389653446062,0.87469249531811,0.,            457P   1154
0.2570866674872,0.87946686678937,0.,0.26114693666995,                457P   1155
0.88352713597212,0.,0.2652072058527,0.88758740515487,0.,             457P   1156
0.26998157732396,0.89077753818145,0.,0.27475594879521,               457P   1157
0.89396767120803,0.,0.28006094613682,0.89616507305528,0.,            457P   1158
0.28536594347843,0.89836247490253,0.,0.29099769861764,               457P   1159
0.89948270064977,0.,0.29662945375685,0.90060292639701,0.,            457P   1160
0.30237154150198,0.90060292639701,0.,0.30811362924711,               457P   1161
0.90060292639701,0.,0.31374538438632,0.89948270064977,0.,            457P   1162
0.31937713952552,0.89836247490253,0.,0.32468213686713,               457P   1163
0.89616507305528,0.,0.32998713420875,0.89396767120803,0.,            457P   1164
0.33476150568,0.89077753818145,0.,0.33953587715125,                  457P   1165
0.88758740515487,0.,0.343596146334,0.88352713597212,0.,              457P   1166
0.34765641551675,0.87946686678937,0.,0.35084654854333,               457P   1167
0.87469249531811,0.,0.35403668156991,0.86991812384686,0.,            457P   1168
0.35623408341716,0.86461312650525,0.,0.35843148526441,               457P   1169
0.85930812916364,0.,0.35955171101165,0.85367637402443,0.,            457P   1170
0.36067193675889,0.84804461888523,0.,0.36067193675889,               457P   1171
0.84230253114009,0.,-6.28318530717959,0.,0.,0.,1.;                   457P   1172
102,1,457;                                                           459P   1173
124,1.,0.,0.,-0.02,0.,-1.,0.,0.03464101615138,0.,0.,-1.,0.;          461P   1174
100,0.,0.,0.,0.0059,0.,0.0059,0.;                                    463P   1175
102,1,463;                                                           465P   1176
142,1,397,459,465,2;                                                 467P   1177
126,64,2,1,1,1,1,-6.28318530717959,-6.28318530717959,                469P   1178
-6.28318530717959,-6.08683576633022,-6.08683576633022,               469P   1179
-5.89048622548086,-5.89048622548086,-5.6941366846315,                469P   1180
-5.6941366846315,-5.49778714378214,-5.49778714378214,                469P   1181
-5.30143760293278,-5.30143760293278,-5.10508806208341,               469P   1182
-5.10508806208341,-4.90873852123405,-4.90873852123405,               469P   1183
-4.71238898038469,-4.71238898038469,-4.51603943953533,               469P   1184
-4.51603943953533,-4.31968989868597,-4.31968989868597,               469P   1185
-4.1233403578366,-4.1233403578366,-3.92699081698724,                 469P   1186
-3.92699081698724,-3.73064127613788,-3.73064127613788,               469P   1187
-3.53429173528852,-3.53429173528852,-3.33794219443916,               469P   1188
-3.33794219443916,-3.14159265358979,-3.14159265358979,               469P   1189
-2.94524311274043,-2.94524311274043,-2.74889357189107,               469P   1190
-2.74889357189107,-2.55254403104171,-2.55254403104171,               469P   1191
-2.35619449019234,-2.35619449019234,-2.15984494934298,               469P   1192
-2.15984494934298,-1.96349540849362,-1.96349540849362,               469P   1193
-1.76714586764426,-1.76714586764426,-1.5707963267949,                469P   1194
-1.5707963267949,-1.37444678594553,-1.37444678594553,                469P   1195
-1.17809724509617,-1.17809724509617,-0.98174770424681,               469P   1196
-0.98174770424681,-0.78539816339745,-0.78539816339745,               469P   1197
-0.58904862254809,-0.58904862254809,-0.39269908169872,               469P   1198
-0.39269908169872,-0.19634954084936,-0.19634954084936,0.,0.,0.,      469P   1199
1.,1.,1.,1.,1.,1.,1.,1.,1.,1.,1.,1.,1.,1.,1.,1.,1.,1.,1.,1.,1.,      469P   1200
1.,1.,1.,1.,1.,1.,1.,1.,1.,1.,1.,1.,1.,1.,1.,1.,1.,1.,1.,1.,1.,      469P   1201
1.,1.,1.,1.,1.,1.,1.,1.,1.,1.,1.,1.,1.,1.,1.,1.,1.,1.,1.,1.,1.,      469P   1202
1.,1.,0.75592885375494,0.84230253114009,0.,0.75592885375494,         469P   1203
0.83656044339496,0.,0.7548086280077,0.83092868825575,0.,             469P   1204
0.75368840226046,0.82529693311655,0.,0.75149100041321,               469P   1205
0.81999193577494,0.,0.74929359856596,0.81468693843333,0.,            469P   1206
0.74610346553938,0.80991256696207,0.,0.7429133325128,                469P   1207
0.80513819549082,0.,0.73885306333005,0.80107792630807,0.,            469P   1208
0.7347927941473,0.79701765712532,0.,0.73001842267604,                469P   1209
0.79382752409874,0.,0.72524405120479,0.79063739107216,0.,            469P   1210
0.71993905386318,0.78843998922491,0.,0.71463405652157,               469P   1211
0.78624258737766,0.,0.70900230138236,0.78512236163042,0.,            469P   1212
0.70337054624315,0.78400213588318,0.,0.69762845849802,               469P   1213
0.78400213588318,0.,0.69188637075289,0.78400213588318,0.,            469P   1214
0.68625461561368,0.78512236163042,0.,0.68062286047448,               469P   1215
0.78624258737766,0.,0.67531786313287,0.78843998922491,0.,            469P   1216
0.67001286579125,0.79063739107216,0.,0.66523849432,                  469P   1217
0.79382752409874,0.,0.66046412284875,0.79701765712532,0.,            469P   1218
0.656403853666,0.80107792630807,0.,0.65234358448325,                 469P   1219
0.80513819549082,0.,0.64915345145667,0.80991256696207,0.,            469P   1220
0.64596331843009,0.81468693843333,0.,0.64376591658284,               469P   1221
0.81999193577494,0.,0.64156851473559,0.82529693311655,0.,            469P   1222
0.64044828898835,0.83092868825575,0.,0.63932806324111,               469P   1223
0.83656044339496,0.,0.63932806324111,0.84230253114009,0.,            469P   1224
0.63932806324111,0.84804461888523,0.,0.64044828898835,               469P   1225
0.85367637402443,0.,0.64156851473559,0.85930812916364,0.,            469P   1226
0.64376591658284,0.86461312650525,0.,0.64596331843009,               469P   1227
0.86991812384686,0.,0.64915345145667,0.87469249531811,0.,            469P   1228
0.65234358448325,0.87946686678937,0.,0.656403853666,                 469P   1229
0.88352713597212,0.,0.66046412284875,0.88758740515487,0.,            469P   1230
0.66523849432,0.89077753818145,0.,0.67001286579125,                  469P   1231
0.89396767120803,0.,0.67531786313287,0.89616507305528,0.,            469P   1232
0.68062286047448,0.89836247490253,0.,0.68625461561368,               469P   1233
0.89948270064977,0.,0.69188637075289,0.90060292639701,0.,            469P   1234
0.69762845849802,0.90060292639701,0.,0.70337054624315,               469P   1235
0.90060292639701,0.,0.70900230138236,0.89948270064977,0.,            469P   1236
0.71463405652157,0.89836247490253,0.,0.71993905386318,               469P   1237
0.89616507305528,0.,0.72524405120479,0.89396767120803,0.,            469P   1238
0.73001842267604,0.89077753818145,0.,0.7347927941473,                469P   1239
0.88758740515487,0.,0.73885306333005,0.88352713597212,0.,            469P   1240
0.7429133325128,0.87946686678937,0.,0.74610346553938,                469P   1241
0.87469249531811,0.,0.74929359856596,0.86991812384686,0.,            469P   1242
0.75149100041321,0.86461312650525,0.,0.75368840226046,               469P   1243
0.85930812916364,0.,0.7548086280077,0.85367637402443,0.,             469P   1244
0.75592885375494,0.84804461888523,0.,0.75592885375494,               469P   1245
0.84230253114009,0.,-6.28318530717959,0.,0.,0.,1.;                   469P   1246
102,1,469;                                                           471P   1247
124,1.,0.,0.,0.02,0.,-1.,0.,0.03464101615138,0.,0.,-1.,0.;           473P   1248
100,0.,0.,0.,0.0059,0.,0.0059,0.;                                    475P   1249
102,1,475;                                                           477P   1250
142,1,397,471,477,2;                                                 479P   1251
126,64,2,1,1,1,1,-6.28318530717959,-6.28318530717959,                481P   1252
-6.28318530717959,-6.08683576633022,-6.08683576633022,               481P   1253
-5.89048622548086,-5.89048622548086,-5.6941366846315,                481P   1254
-5.6941366846315,-5.49778714378214,-5.49778714378214,                481P   1255
-5.30143760293278,-5.30143760293278,-5.10508806208341,               481P   1256
-5.10508806208341,-4.90873852123405,-4.90873852123405,               481P   1257
-4.71238898038469,-4.71238898038469,-4.51603943953533,               481P   1258
-4.51603943953533,-4.31968989868597,-4.31968989868597,               481P   1259
-4.1233403578366,-4.1233403578366,-3.92699081698724,                 481P   1260
-3.92699081698724,-3.73064127613788,-3.73064127613788,               481P   1261
-3.53429173528852,-3.53429173528852,-3.33794219443916,               481P   1262
-3.33794219443916,-3.14159265358979,-3.14159265358979,               481P   1263
-2.94524311274043,-2.94524311274043,-2.74889357189107,               481P   1264
-2.74889357189107,-2.55254403104171,-2.55254403104171,               481P   1265
-2.35619449019234,-2.35619449019234,-2.15984494934298,               481P   1266
-2.15984494934298,-1.96349540849362,-1.96349540849362,               481P   1267
-1.76714586764426,-1.76714586764426,-1.5707963267949,                481P   1268
-1.5707963267949,-1.37444678594553,-1.37444678594553,                481P   1269
-1.17809724509617,-1.17809724509617,-0.98174770424681,               481P   1270
-0.98174770424681,-0.78539816339745,-0.78539816339745,               481P   1271
-0.58904862254809,-0.58904862254809,-0.39269908169872,               481P   1272
-0.39269908169872,-0.19634954084936,-0.19634954084936,0.,0.,0.,      481P   1273
1.,1.,1.,1.,1.,1.,1.,1.,1.,1.,1.,1.,1.,1.,1.,1.,1.,1.,1.,1.,1.,      481P   1274
1.,1.,1.,1.,1.,1.,1.,1.,1.,1.,1.,1.,1.,1.,1.,1.,1.,1.,1.,1.,1.,      481P   1275
1.,1.,1.,1.,1.,1.,1.,1.,1.,1.,1.,1.,1.,1.,1.,1.,1.,1.,1.,1.,1.,      481P   1276
1.,1.,0.95355731225296,0.5,0.,0.95355731225296,0.49425791225487,     481P   1277
0.,0.95243708650572,0.48862615711566,0.,0.95131686075848,            481P   1278
0.48299440197645,0.,0.94911945891123,0.47768940463484,0.,            481P   1279
0.94692205706398,0.47238440729323,0.,0.9437319240374,                481P   1280
0.46761003582198,0.,0.94054179101082,0.46283566435073,0.,            481P   1281
0.93648152182807,0.45877539516798,0.,0.93242125264532,               481P   1282
0.45471512598523,0.,0.92764688117407,0.45152499295865,0.,            481P   1283
0.92287250970282,0.44833485993206,0.,0.91756751236121,               481P   1284
0.44613745808482,0.,0.9122625150196,0.44394005623757,0.,             481P   1285
0.90663075988039,0.44281983049033,0.,0.90099900474118,               481P   1286
0.44169960474308,0.,0.89525691699605,0.44169960474308,0.,            481P   1287
0.88951482925092,0.44169960474308,0.,0.88388307411171,               481P   1288
0.44281983049033,0.,0.8782513189725,0.44394005623757,0.,             481P   1289
0.87294632163089,0.44613745808482,0.,0.86764132428928,               481P   1290
0.44833485993206,0.,0.86286695281803,0.45152499295865,0.,            481P   1291
0.85809258134678,0.45471512598523,0.,0.85403231216403,               481P   1292
0.45877539516798,0.,0.84997204298127,0.46283566435073,0.,            481P   1293
0.84678190995469,0.46761003582198,0.,0.84359177692811,               481P   1294
0.47238440729323,0.,0.84139437508086,0.47768940463484,0.,            481P   1295
0.83919697323362,0.48299440197645,0.,0.83807674748637,               481P   1296
0.48862615711566,0.,0.83695652173913,0.49425791225487,0.,            481P   1297
0.83695652173913,0.5,0.,0.83695652173913,0.50574208774513,0.,        481P   1298
0.83807674748637,0.51137384288434,0.,0.83919697323362,               481P   1299
0.51700559802355,0.,0.84139437508086,0.52231059536516,0.,            481P   1300
0.84359177692811,0.52761559270677,0.,0.84678190995469,               481P   1301
0.53238996417802,0.,0.84997204298127,0.53716433564927,0.,            481P   1302
0.85403231216403,0.54122460483202,0.,0.85809258134678,               481P   1303
0.54528487401477,0.,0.86286695281803,0.54847500704135,0.,            481P   1304
0.86764132428928,0.55166514006794,0.,0.87294632163089,               481P   1305
0.55386254191518,0.,0.8782513189725,0.55605994376243,0.,             481P   1306
0.88388307411171,0.55718016950967,0.,0.88951482925092,               481P   1307
0.55830039525692,0.,0.89525691699605,0.55830039525692,0.,            481P   1308
0.90099900474118,0.55830039525692,0.,0.90663075988039,               481P   1309
0.55718016950967,0.,0.9122625150196,0.55605994376243,0.,             481P   1310
0.91756751236121,0.55386254191518,0.,0.92287250970282,               481P   1311
0.55166514006794,0.,0.92764688117407,0.54847500704135,0.,            481P   1312
0.93242125264532,0.54528487401477,0.,0.93648152182807,               481P   1313
0.54122460483202,0.,0.94054179101082,0.53716433564927,0.,            481P   1314
0.9437319240374,0.53238996417802,0.,0.94692205706398,                481P   1315
0.52761559270677,0.,0.94911945891123,0.52231059536516,0.,            481P   1316
0.95131686075848,0.51700559802355,0.,0.95243708650572,               481P   1317
0.51137384288434,0.,0.95355731225296,0.50574208774513,0.,            481P   1318
0.95355731225296,0.5,0.,-6.28318530717959,0.,0.,0.,1.;               481P   1319
102,1,481;                                                           483P   1320
124,1.,0.,0.,0.04,0.,-1.,0.,0.,0.,0.,-1.,0.;                         485P   1321
100,0.,0.,0.,0.0059,0.,0.0059,0.;                                    487P   1322
102,1,487;                                                           489P   1323
142,1,397,483,489,2;                                                 491P   1324
144,397,1,7,407,419,431,443,455,467,479,491;                         493P   1325
314,8.62745121121407,31.76470696926117,69.01960968971252,10HMixe     495P   1326
dColor;                                                              495P   1327
110,0.,0.,0.055,0.,0.,-0.945;                                        497P   1328
110,-0.025,0.,0.,-0.025,0.,0.055;                                    499P   1329
120,497,499,0.,6.28318530717959;                                     501P   1330
126,1,1,1,0,1,0,-9.42477796076938,-9.42477796076938,                 503P   1331
-3.14159265358979,-3.14159265358979,1.,1.,1.,0.,0.,1.,               503P   1332
6.28318530717959,0.,-9.42477796076938,-3.14159265358979,0.,0.,       503P   1333
1.;                                                                  503P   1334
126,1,1,1,0,1,0,0.,0.,0.055,0.055,1.,1.,1.,6.28318530717959,0.,      505P   1335
0.,6.28318530717959,0.,0.,0.055,0.,0.,1.;                            505P   1336
126,1,1,1,0,1,0,3.14159265358979,3.14159265358979,                   507P   1337
9.42477796076938,9.42477796076938,1.,1.,0.,6.28318530717959,0.,      507P   1338
0.,0.,0.,3.14159265358979,9.42477796076938,0.,0.,1.;                 507P   1339
126,1,1,1,0,1,0,-0.055,-0.055,0.,0.,1.,1.,0.,0.,0.,1.,0.,0.,         509P   1340
-0.055,0.,0.,0.,1.;                                                  509P   1341
102,4,503,505,507,509;                                               511P   1342
124,1.,0.,0.,0.,0.,-1.,0.,0.,0.,0.,-1.,0.055;                        513P   1343
100,0.,0.,0.,-0.025,-0.,-0.025,-0.;                                  515P   1344
110,-0.025,0.,0.055,-0.025,0.,0.;                                    517P   1345
100,0.,0.,0.,-0.025,0.,-0.025,0.;                                    519P   1346
110,-0.025,0.,0.,-0.025,0.,0.055;                                    521P   1347
102,4,515,517,519,521;                                               523P   1348
142,1,501,511,523,2;                                                 525P   1349
144,501,1,0,525;                                                     527P   1350
314,8.62745121121407,31.76470696926117,69.01960968971252,10HMixe     529P   1351
dColor;                                                              529P   1352
110,0.,0.,0.09,0.,0.,-0.91;                                          531P   1353
110,-0.03,0.,0.055,-0.03,0.,0.09;                                    533P   1354
120,531,533,0.,6.28318530717959;                                     535P   1355
126,1,1,1,0,1,0,-9.42477796076938,-9.42477796076938,                 537P   1356
-3.14159265358979,-3.14159265358979,1.,1.,1.,0.,0.,1.,               537P   1357
6.28318530717959,0.,-9.42477796076938,-3.14159265358979,0.,0.,       537P   1358
1.;                                                                  537P   1359
126,1,1,1,0,1,0,0.,0.,0.035,0.035,1.,1.,1.,6.28318530717959,0.,      539P   1360
0.,6.28318530717959,0.,0.,0.035,0.,0.,1.;                            539P   1361
126,1,1,1,0,1,0,3.14159265358979,3.14159265358979,                   541P   1362
9.42477796076938,9.42477796076938,1.,1.,0.,6.28318530717959,0.,      541P   1363
0.,0.,0.,3.14159265358979,9.42477796076938,0.,0.,1.;                 541P   1364
126,1,1,1,0,1,0,-0.035,-0.035,0.,0.,1.,1.,0.,0.,0.,1.,0.,0.,         543P   1365
-0.035,0.,0.,0.,1.;                                                  543P   1366
102,4,537,539,541,543;                                               545P   1367
124,1.,0.,0.,0.,0.,-1.,0.,0.,0.,0.,-1.,0.09;                         547P   1368
100,0.,0.,0.,-0.03,-0.,-0.03,-0.;                                    549P   1369
110,-0.03,0.,0.09,-0.03,0.,0.055;                                    551P   1370
124,1.,0.,0.,0.,0.,1.,0.,0.,0.,0.,1.,0.055;                          553P   1371
100,0.,0.,0.,-0.03,0.,-0.03,0.;                                      555P   1372
110,-0.03,0.,0.055,-0.03,0.,0.09;                                    557P   1373
102,4,549,551,555,557;                                               559P   1374
142,1,535,545,559,2;                                                 561P   1375
144,535,1,0,561;                                                     563P   1376
314,8.62745121121407,31.76470696926117,69.01960968971252,10HMixe     565P   1377
dColor;                                                              565P   1378
110,-0.03036,-0.03036,0.09,0.03036,-0.03036,0.09;                    567P   1379
122,567,-0.03036,0.03036,0.09;                                       569P   1380
126,64,2,1,1,1,1,3.14159265358979,3.14159265358979,                  571P   1381
3.14159265358979,3.33794219443916,3.33794219443916,                  571P   1382
3.53429173528852,3.53429173528852,3.73064127613788,                  571P   1383
3.73064127613788,3.92699081698724,3.92699081698724,                  571P   1384
4.1233403578366,4.1233403578366,4.31968989868597,                    571P   1385
4.31968989868597,4.51603943953533,4.51603943953533,                  571P   1386
4.71238898038469,4.71238898038469,4.90873852123405,                  571P   1387
4.90873852123405,5.10508806208341,5.10508806208341,                  571P   1388
5.30143760293278,5.30143760293278,5.49778714378214,                  571P   1389
5.49778714378214,5.6941366846315,5.6941366846315,                    571P   1390
5.89048622548086,5.89048622548086,6.08683576633022,                  571P   1391
6.08683576633022,6.28318530717959,6.28318530717959,                  571P   1392
6.47953484802895,6.47953484802895,6.67588438887831,                  571P   1393
6.67588438887831,6.87223392972767,6.87223392972767,                  571P   1394
7.06858347057703,7.06858347057703,7.2649330114264,                   571P   1395
7.2649330114264,7.46128255227576,7.46128255227576,                   571P   1396
7.65763209312512,7.65763209312512,7.85398163397448,                  571P   1397
7.85398163397448,8.05033117482385,8.05033117482385,                  571P   1398
8.24668071567321,8.24668071567321,8.44303025652257,                  571P   1399
8.44303025652257,8.63937979737193,8.63937979737193,                  571P   1400
8.83572933822129,8.83572933822129,9.03207887907065,                  571P   1401
9.03207887907065,9.22842841992002,9.22842841992002,                  571P   1402
9.42477796076938,9.42477796076938,9.42477796076938,1.,1.,1.,1.,      571P   1403
1.,1.,1.,1.,1.,1.,1.,1.,1.,1.,1.,1.,1.,1.,1.,1.,1.,1.,1.,1.,1.,      571P   1404
1.,1.,1.,1.,1.,1.,1.,1.,1.,1.,1.,1.,1.,1.,1.,1.,1.,1.,1.,1.,1.,      571P   1405
1.,1.,1.,1.,1.,1.,1.,1.,1.,1.,1.,1.,1.,1.,1.,1.,1.,1.,1.,            571P   1406
0.00592885375494,0.5,0.,0.00592885375494,0.45133823944804,0.,        571P   1407
0.01542229229089,0.40361150098017,0.,0.02491573082685,               571P   1408
0.35588476251231,0.,0.0435377803798,0.31092715792239,0.,             571P   1409
0.06215982993275,0.26596955333247,0.,0.08919485558175,               571P   1410
0.22550877815237,0.,0.11622988123074,0.18504800297227,0.,            571P   1411
0.15063894210151,0.15063894210151,0.,0.18504800297227,               571P   1412
0.11622988123074,0.,0.22550877815237,0.08919485558175,0.,            571P   1413
0.26596955333247,0.06215982993275,0.,0.31092715792239,               571P   1414
0.0435377803798,0.,0.35588476251231,0.02491573082685,0.,             571P   1415
0.40361150098017,0.01542229229089,0.,0.45133823944804,               571P   1416
0.00592885375494,0.,0.5,0.00592885375494,0.,0.54866176055196,        571P   1417
0.00592885375494,0.,0.59638849901983,0.01542229229089,0.,            571P   1418
0.64411523748769,0.02491573082685,0.,0.68907284207761,               571P   1419
0.0435377803798,0.,0.73403044666753,0.06215982993275,0.,             571P   1420
0.77449122184763,0.08919485558175,0.,0.81495199702773,               571P   1421
0.11622988123074,0.,0.84936105789849,0.15063894210151,0.,            571P   1422
0.88377011876926,0.18504800297227,0.,0.91080514441825,               571P   1423
0.22550877815237,0.,0.93784017006725,0.26596955333247,0.,            571P   1424
0.9564622196202,0.31092715792239,0.,0.97508426917315,                571P   1425
0.35588476251231,0.,0.98457770770911,0.40361150098017,0.,            571P   1426
0.99407114624506,0.45133823944804,0.,0.99407114624506,0.5,0.,        571P   1427
0.99407114624506,0.54866176055196,0.,0.98457770770911,               571P   1428
0.59638849901983,0.,0.97508426917315,0.64411523748769,0.,            571P   1429
0.9564622196202,0.68907284207761,0.,0.93784017006725,                571P   1430
0.73403044666753,0.,0.91080514441825,0.77449122184763,0.,            571P   1431
0.88377011876926,0.81495199702773,0.,0.84936105789849,               571P   1432
0.84936105789849,0.,0.81495199702773,0.88377011876926,0.,            571P   1433
0.77449122184763,0.91080514441825,0.,0.73403044666753,               571P   1434
0.93784017006725,0.,0.68907284207761,0.9564622196202,0.,             571P   1435
0.64411523748769,0.97508426917315,0.,0.59638849901983,               571P   1436
0.98457770770911,0.,0.54866176055196,0.99407114624506,0.,0.5,        571P   1437
0.99407114624506,0.,0.45133823944804,0.99407114624506,0.,            571P   1438
0.40361150098017,0.98457770770911,0.,0.35588476251231,               571P   1439
0.97508426917315,0.,0.31092715792239,0.9564622196202,0.,             571P   1440
0.26596955333247,0.93784017006725,0.,0.22550877815237,               571P   1441
0.91080514441825,0.,0.18504800297227,0.88377011876926,0.,            571P   1442
0.15063894210151,0.84936105789849,0.,0.11622988123074,               571P   1443
0.81495199702773,0.,0.08919485558175,0.77449122184763,0.,            571P   1444
0.06215982993275,0.73403044666753,0.,0.0435377803798,                571P   1445
0.68907284207761,0.,0.02491573082685,0.64411523748769,0.,            571P   1446
0.01542229229089,0.59638849901983,0.,0.00592885375494,               571P   1447
0.54866176055196,0.,0.00592885375494,0.5,0.,3.14159265358979,        571P   1448
9.42477796076938,0.,0.,1.;                                           571P   1449
102,1,571;                                                           573P   1450
124,1.,0.,0.,0.,0.,1.,0.,0.,0.,0.,1.,0.09;                           575P   1451
100,0.,0.,0.,-0.03,0.,-0.03,0.;                                      577P   1452
102,1,577;                                                           579P   1453
142,1,569,573,579,2;                                                 581P   1454
126,64,2,1,1,1,1,-6.28318530717959,-6.28318530717959,                583P   1455
-6.28318530717959,-6.08683576633022,-6.08683576633022,               583P   1456
-5.89048622548086,-5.89048622548086,-5.6941366846315,                583P   1457
-5.6941366846315,-5.49778714378214,-5.49778714378214,                583P   1458
-5.30143760293278,-5.30143760293278,-5.10508806208341,               583P   1459
-5.10508806208341,-4.90873852123405,-4.90873852123405,               583P   1460
-4.71238898038469,-4.71238898038469,-4.51603943953533,               583P   1461
-4.51603943953533,-4.31968989868597,-4.31968989868597,               583P   1462
-4.1233403578366,-4.1233403578366,-3.92699081698724,                 583P   1463
-3.92699081698724,-3.73064127613788,-3.73064127613788,               583P   1464
-3.53429173528852,-3.53429173528852,-3.33794219443916,               583P   1465
-3.33794219443916,-3.14159265358979,-3.14159265358979,               583P   1466
-2.94524311274043,-2.94524311274043,-2.74889357189107,               583P   1467
-2.74889357189107,-2.55254403104171,-2.55254403104171,               583P   1468
-2.35619449019234,-2.35619449019234,-2.15984494934298,               583P   1469
-2.15984494934298,-1.96349540849362,-1.96349540849362,               583P   1470
-1.76714586764426,-1.76714586764426,-1.5707963267949,                583P   1471
-1.5707963267949,-1.37444678594553,-1.37444678594553,                583P   1472
-1.17809724509617,-1.17809724509617,-0.98174770424681,               583P   1473
-0.98174770424681,-0.78539816339745,-0.78539816339745,               583P   1474
-0.58904862254809,-0.58904862254809,-0.39269908169872,               583P   1475
-0.39269908169872,-0.19634954084936,-0.19634954084936,0.,0.,0.,      583P   1476
1.,1.,1.,1.,1.,1.,1.,1.,1.,1.,1.,1.,1.,1.,1.,1.,1.,1.,1.,1.,1.,      583P   1477
1.,1.,1.,1.,1.,1.,1.,1.,1.,1.,1.,1.,1.,1.,1.,1.,1.,1.,1.,1.,1.,      583P   1478
1.,1.,1.,1.,1.,1.,1.,1.,1.,1.,1.,1.,1.,1.,1.,1.,1.,1.,1.,1.,1.,      583P   1479
1.,1.,0.91172595520422,0.5,0.,0.91172595520422,0.45944853287337,     583P   1480
0.,0.90381475642425,0.41967625081681,0.,0.89590355764429,            583P   1481
0.37990396876025,0.,0.88038518301683,0.34243929826866,0.,            583P   1482
0.86486680838937,0.30497462777706,0.,0.84233762034854,               583P   1483
0.27125731512698,0.,0.81980843230771,0.23754000247689,0.,            583P   1484
0.79113421491541,0.20886578508459,0.,0.7624599975231,                583P   1485
0.18019156769228,0.,0.72874268487302,0.15766237965146,0.,            583P   1486
0.69502537222294,0.13513319161063,0.,0.65756070173134,               583P   1487
0.11961481698317,0.,0.62009603123974,0.10409644235571,0.,            583P   1488
0.58032374918319,0.09618524357574,0.,0.54055146712663,               583P   1489
0.08827404479578,0.,0.5,0.08827404479578,0.,0.45944853287337,        583P   1490
0.08827404479578,0.,0.41967625081681,0.09618524357574,0.,            583P   1491
0.37990396876025,0.10409644235571,0.,0.34243929826866,               583P   1492
0.11961481698317,0.,0.30497462777706,0.13513319161063,0.,            583P   1493
0.27125731512698,0.15766237965146,0.,0.23754000247689,               583P   1494
0.18019156769229,0.,0.20886578508459,0.20886578508459,0.,            583P   1495
0.18019156769229,0.2375400024769,0.,0.15766237965146,                583P   1496
0.27125731512698,0.,0.13513319161063,0.30497462777706,0.,            583P   1497
0.11961481698317,0.34243929826866,0.,0.10409644235571,               583P   1498
0.37990396876025,0.,0.09618524357574,0.41967625081681,0.,            583P   1499
0.08827404479578,0.45944853287337,0.,0.08827404479578,0.5,0.,        583P   1500
0.08827404479578,0.54055146712663,0.,0.09618524357574,               583P   1501
0.58032374918319,0.,0.10409644235571,0.62009603123974,0.,            583P   1502
0.11961481698317,0.65756070173134,0.,0.13513319161063,               583P   1503
0.69502537222294,0.,0.15766237965146,0.72874268487302,0.,            583P   1504
0.18019156769228,0.7624599975231,0.,0.20886578508459,                583P   1505
0.79113421491541,0.,0.2375400024769,0.81980843230772,0.,             583P   1506
0.27125731512698,0.84233762034854,0.,0.30497462777706,               583P   1507
0.86486680838937,0.,0.34243929826866,0.88038518301683,0.,            583P   1508
0.37990396876026,0.89590355764429,0.,0.41967625081681,               583P   1509
0.90381475642425,0.,0.45944853287337,0.91172595520422,0.,0.5,        583P   1510
0.91172595520422,0.,0.54055146712663,0.91172595520422,0.,            583P   1511
0.58032374918319,0.90381475642425,0.,0.62009603123974,               583P   1512
0.89590355764429,0.,0.65756070173134,0.88038518301683,0.,            583P   1513
0.69502537222294,0.86486680838937,0.,0.72874268487302,               583P   1514
0.84233762034854,0.,0.76245999752311,0.81980843230771,0.,            583P   1515
0.79113421491541,0.79113421491541,0.,0.81980843230771,               583P   1516
0.76245999752311,0.,0.84233762034854,0.72874268487302,0.,            583P   1517
0.86486680838937,0.69502537222294,0.,0.88038518301683,               583P   1518
0.65756070173134,0.,0.89590355764429,0.62009603123974,0.,            583P   1519
0.90381475642426,0.58032374918319,0.,0.91172595520422,               583P   1520
0.54055146712663,0.,0.91172595520422,0.5,0.,-6.28318530717959,       583P   1521
0.,0.,0.,1.;                                                         583P   1522
102,1,583;                                                           585P   1523
124,1.,0.,0.,0.,0.,-1.,0.,0.,0.,0.,-1.,0.09;                         587P   1524
100,0.,0.,0.,0.025,0.,0.025,0.;                                      589P   1525
102,1,589;                                                           591P   1526
142,1,569,585,591,2;                                                 593P   1527
144,569,1,1,581,593;                                                 595P   1528
314,8.62745121121407,31.76470696926117,69.01960968971252,10HMixe     597P   1529
dColor;                                                              597P   1530
110,0.03036,-0.03036,0.055,-0.03036,-0.03036,0.055;                  599P   1531
122,599,0.03036,0.03036,0.055;                                       601P   1532
126,64,2,1,1,1,1,-9.42477796076938,-9.42477796076938,                603P   1533
-9.42477796076938,-9.22842841992002,-9.22842841992002,               603P   1534
-9.03207887907065,-9.03207887907065,-8.83572933822129,               603P   1535
-8.83572933822129,-8.63937979737193,-8.63937979737193,               603P   1536
-8.44303025652257,-8.44303025652257,-8.24668071567321,               603P   1537
-8.24668071567321,-8.05033117482385,-8.05033117482385,               603P   1538
-7.85398163397448,-7.85398163397448,-7.65763209312512,               603P   1539
-7.65763209312512,-7.46128255227576,-7.46128255227576,               603P   1540
-7.2649330114264,-7.2649330114264,-7.06858347057703,                 603P   1541
-7.06858347057703,-6.87223392972767,-6.87223392972767,               603P   1542
-6.67588438887831,-6.67588438887831,-6.47953484802895,               603P   1543
-6.47953484802895,-6.28318530717959,-6.28318530717959,               603P   1544
-6.08683576633022,-6.08683576633022,-5.89048622548086,               603P   1545
-5.89048622548086,-5.6941366846315,-5.6941366846315,                 603P   1546
-5.49778714378214,-5.49778714378214,-5.30143760293278,               603P   1547
-5.30143760293278,-5.10508806208341,-5.10508806208341,               603P   1548
-4.90873852123405,-4.90873852123405,-4.71238898038469,               603P   1549
-4.71238898038469,-4.51603943953533,-4.51603943953533,               603P   1550
-4.31968989868597,-4.31968989868597,-4.1233403578366,                603P   1551
-4.1233403578366,-3.92699081698724,-3.92699081698724,                603P   1552
-3.73064127613788,-3.73064127613788,-3.53429173528852,               603P   1553
-3.53429173528852,-3.33794219443916,-3.33794219443916,               603P   1554
-3.14159265358979,-3.14159265358979,-3.14159265358979,1.,1.,1.,      603P   1555
1.,1.,1.,1.,1.,1.,1.,1.,1.,1.,1.,1.,1.,1.,1.,1.,1.,1.,1.,1.,1.,      603P   1556
1.,1.,1.,1.,1.,1.,1.,1.,1.,1.,1.,1.,1.,1.,1.,1.,1.,1.,1.,1.,1.,      603P   1557
1.,1.,1.,1.,1.,1.,1.,1.,1.,1.,1.,1.,1.,1.,1.,1.,1.,1.,1.,1.,         603P   1558
0.99407114624506,0.5,0.,0.99407114624506,0.54866176055196,0.,        603P   1559
0.98457770770911,0.59638849901983,0.,0.97508426917315,               603P   1560
0.64411523748769,0.,0.9564622196202,0.68907284207761,0.,             603P   1561
0.93784017006725,0.73403044666753,0.,0.91080514441825,               603P   1562
0.77449122184763,0.,0.88377011876926,0.81495199702773,0.,            603P   1563
0.84936105789849,0.84936105789849,0.,0.81495199702773,               603P   1564
0.88377011876926,0.,0.77449122184763,0.91080514441825,0.,            603P   1565
0.73403044666753,0.93784017006725,0.,0.68907284207761,               603P   1566
0.9564622196202,0.,0.64411523748769,0.97508426917315,0.,             603P   1567
0.59638849901983,0.98457770770911,0.,0.54866176055196,               603P   1568
0.99407114624506,0.,0.5,0.99407114624506,0.,0.45133823944804,        603P   1569
0.99407114624506,0.,0.40361150098017,0.98457770770911,0.,            603P   1570
0.35588476251231,0.97508426917315,0.,0.31092715792239,               603P   1571
0.9564622196202,0.,0.26596955333247,0.93784017006725,0.,             603P   1572
0.22550877815237,0.91080514441825,0.,0.18504800297227,               603P   1573
0.88377011876926,0.,0.15063894210151,0.84936105789849,0.,            603P   1574
0.11622988123074,0.81495199702773,0.,0.08919485558175,               603P   1575
0.77449122184763,0.,0.06215982993275,0.73403044666753,0.,            603P   1576
0.0435377803798,0.68907284207761,0.,0.02491573082685,                603P   1577
0.64411523748769,0.,0.01542229229089,0.59638849901983,0.,            603P   1578
0.00592885375494,0.54866176055196,0.,0.00592885375494,0.5,0.,        603P   1579
0.00592885375494,0.45133823944804,0.,0.01542229229089,               603P   1580
0.40361150098017,0.,0.02491573082685,0.35588476251231,0.,            603P   1581
0.0435377803798,0.31092715792239,0.,0.06215982993275,                603P   1582
0.26596955333247,0.,0.08919485558175,0.22550877815237,0.,            603P   1583
0.11622988123074,0.18504800297227,0.,0.15063894210151,               603P   1584
0.15063894210151,0.,0.18504800297227,0.11622988123074,0.,            603P   1585
0.22550877815237,0.08919485558175,0.,0.26596955333247,               603P   1586
0.06215982993275,0.,0.31092715792239,0.0435377803798,0.,             603P   1587
0.35588476251231,0.02491573082685,0.,0.40361150098017,               603P   1588
0.01542229229089,0.,0.45133823944804,0.00592885375494,0.,0.5,        603P   1589
0.00592885375494,0.,0.54866176055196,0.00592885375494,0.,            603P   1590
0.59638849901983,0.01542229229089,0.,0.64411523748769,               603P   1591
0.02491573082685,0.,0.68907284207761,0.0435377803798,0.,             603P   1592
0.73403044666753,0.06215982993275,0.,0.77449122184763,               603P   1593
0.08919485558175,0.,0.81495199702773,0.11622988123074,0.,            603P   1594
0.84936105789849,0.15063894210151,0.,0.88377011876926,               603P   1595
0.18504800297227,0.,0.91080514441825,0.22550877815237,0.,            603P   1596
0.93784017006725,0.26596955333247,0.,0.9564622196202,                603P   1597
0.31092715792239,0.,0.97508426917315,0.35588476251231,0.,            603P   1598
0.98457770770911,0.40361150098017,0.,0.99407114624506,               603P   1599
0.45133823944804,0.,0.99407114624506,0.5,0.,-9.42477796076938,       603P   1600
-3.14159265358979,0.,0.,1.;                                          603P   1601
102,1,603;                                                           605P   1602
124,1.,0.,0.,0.,0.,-1.,0.,0.,0.,0.,-1.,0.055;                        607P   1603
100,0.,0.,0.,-0.03,-0.,-0.03,-0.;                                    609P   1604
102,1,609;                                                           611P   1605
142,1,601,605,611,2;                                                 613P   1606
126,64,2,1,1,1,1,3.14159265358979,3.14159265358979,                  615P   1607
3.14159265358979,3.33794219443916,3.33794219443916,                  615P   1608
3.53429173528852,3.53429173528852,3.73064127613788,                  615P   1609
3.73064127613788,3.92699081698724,3.92699081698724,                  615P   1610
4.1233403578366,4.1233403578366,4.31968989868597,                    615P   1611
4.31968989868597,4.51603943953533,4.51603943953533,                  615P   1612
4.71238898038469,4.71238898038469,4.90873852123405,                  615P   1613
4.90873852123405,5.10508806208341,5.10508806208341,                  615P   1614
5.30143760293278,5.30143760293278,5.49778714378214,                  615P   1615
5.49778714378214,5.6941366846315,5.6941366846315,                    615P   1616
5.89048622548086,5.89048622548086,6.08683576633022,                  615P   1617
6.08683576633022,6.28318530717959,6.28318530717959,                  615P   1618
6.47953484802895,6.47953484802895,6.67588438887831,                  615P   1619
6.67588438887831,6.87223392972767,6.87223392972767,                  615P   1620
7.06858347057703,7.06858347057703,7.2649330114264,                   615P   1621
7.2649330114264,7.46128255227576,7.46128255227576,                   615P   1622
7.65763209312512,7.65763209312512,7.85398163397448,                  615P   1623
7.85398163397448,8.05033117482384,8.05033117482384,                  615P   1624
8.24668071567321,8.24668071567321,8.44303025652257,                  615P   1625
8.44303025652257,8.63937979737193,8.63937979737193,                  615P   1626
8.83572933822129,8.83572933822129,9.03207887907065,                  615P   1627
9.03207887907065,9.22842841992002,9.22842841992002,                  615P   1628
9.42477796076938,9.42477796076938,9.42477796076938,1.,1.,1.,1.,      615P   1629
1.,1.,1.,1.,1.,1.,1.,1.,1.,1.,1.,1.,1.,1.,1.,1.,1.,1.,1.,1.,1.,      615P   1630
1.,1.,1.,1.,1.,1.,1.,1.,1.,1.,1.,1.,1.,1.,1.,1.,1.,1.,1.,1.,1.,      615P   1631
1.,1.,1.,1.,1.,1.,1.,1.,1.,1.,1.,1.,1.,1.,1.,1.,1.,1.,1.,            615P   1632
0.91172595520422,0.5,0.,0.91172595520422,0.45944853287337,0.,        615P   1633
0.90381475642426,0.41967625081681,0.,0.89590355764429,               615P   1634
0.37990396876025,0.,0.88038518301683,0.34243929826866,0.,            615P   1635
0.86486680838937,0.30497462777706,0.,0.84233762034854,               615P   1636
0.27125731512698,0.,0.81980843230772,0.2375400024769,0.,             615P   1637
0.79113421491541,0.20886578508459,0.,0.76245999752311,               615P   1638
0.18019156769229,0.,0.72874268487302,0.15766237965146,0.,            615P   1639
0.69502537222294,0.13513319161063,0.,0.65756070173134,               615P   1640
0.11961481698317,0.,0.62009603123975,0.10409644235571,0.,            615P   1641
0.58032374918319,0.09618524357574,0.,0.54055146712663,               615P   1642
0.08827404479578,0.,0.5,0.08827404479578,0.,0.45944853287337,        615P   1643
0.08827404479578,0.,0.41967625081681,0.09618524357574,0.,            615P   1644
0.37990396876026,0.10409644235571,0.,0.34243929826866,               615P   1645
0.11961481698317,0.,0.30497462777706,0.13513319161063,0.,            615P   1646
0.27125731512698,0.15766237965146,0.,0.2375400024769,                615P   1647
0.18019156769228,0.,0.20886578508459,0.20886578508459,0.,            615P   1648
0.18019156769229,0.23754000247689,0.,0.15766237965146,               615P   1649
0.27125731512698,0.,0.13513319161063,0.30497462777706,0.,            615P   1650
0.11961481698317,0.34243929826866,0.,0.10409644235571,               615P   1651
0.37990396876025,0.,0.09618524357575,0.41967625081681,0.,            615P   1652
0.08827404479578,0.45944853287337,0.,0.08827404479578,0.5,0.,        615P   1653
0.08827404479578,0.54055146712663,0.,0.09618524357574,               615P   1654
0.58032374918319,0.,0.10409644235571,0.62009603123974,0.,            615P   1655
0.11961481698317,0.65756070173134,0.,0.13513319161063,               615P   1656
0.69502537222294,0.,0.15766237965146,0.72874268487302,0.,            615P   1657
0.18019156769229,0.7624599975231,0.,0.20886578508459,                615P   1658
0.79113421491541,0.,0.2375400024769,0.81980843230771,0.,             615P   1659
0.27125731512698,0.84233762034854,0.,0.30497462777706,               615P   1660
0.86486680838937,0.,0.34243929826866,0.88038518301683,0.,            615P   1661
0.37990396876026,0.89590355764429,0.,0.41967625081681,               615P   1662
0.90381475642425,0.,0.45944853287337,0.91172595520422,0.,0.5,        615P   1663
0.91172595520422,0.,0.54055146712663,0.91172595520422,0.,            615P   1664
0.58032374918319,0.90381475642425,0.,0.62009603123975,               615P   1665
0.89590355764429,0.,0.65756070173134,0.88038518301683,0.,            615P   1666
0.69502537222294,0.86486680838937,0.,0.72874268487302,               615P   1667
0.84233762034854,0.,0.7624599975231,0.81980843230772,0.,             615P   1668
0.79113421491541,0.79113421491541,0.,0.81980843230771,               615P   1669
0.76245999752311,0.,0.84233762034854,0.72874268487303,0.,            615P   1670
0.86486680838937,0.69502537222295,0.,0.88038518301683,               615P   1671
0.65756070173134,0.,0.89590355764429,0.62009603123974,0.,            615P   1672
0.90381475642426,0.58032374918319,0.,0.91172595520422,               615P   1673
0.54055146712663,0.,0.91172595520422,0.5,0.,3.14159265358979,        615P   1674
9.42477796076938,0.,0.,1.;                                           615P   1675
102,1,615;                                                           617P   1676
124,1.,0.,0.,0.,0.,1.,0.,0.,0.,0.,1.,0.055;                          619P   1677
100,0.,0.,0.,-0.025,0.,-0.025,0.;                                    621P   1678
102,1,621;                                                           623P   1679
142,1,601,617,623,2;                                                 625P   1680
144,601,1,1,613,625;                                                 627P   1681
314,8.62745121121407,31.76470696926117,69.01960968971252,10HMixe     629P   1682
dColor;                                                              629P   1683
110,0.,0.,0.065,0.,0.,1.065;                                         631P   1684
110,0.025,0.,0.065,0.025,0.,0.09;                                    633P   1685
120,631,633,0.,6.28318530717959;                                     635P   1686
126,1,1,1,0,1,0,-6.28318530717959,-6.28318530717959,0.,0.,1.,1.,     637P   1687
0.,6.28318530717959,0.,0.,0.,0.,-6.28318530717959,0.,0.,0.,1.;       637P   1688
126,1,1,1,0,1,0,0.,0.,1.,1.,1.,1.,0.,0.,0.,0.,6.28318530717959,      639P   1689
0.,0.,1.,0.,0.,1.;                                                   639P   1690
126,1,1,1,0,1,0,0.,0.,0.025,0.025,1.,1.,0.,6.28318530717959,0.,      641P   1691
1.,6.28318530717959,0.,0.,0.025,0.,0.,1.;                            641P   1692
126,1,1,1,0,1,0,0.,0.,1.,1.,1.,1.,1.,6.28318530717959,0.,1.,0.,      643P   1693
0.,0.,1.,0.,0.,1.;                                                   643P   1694
126,1,1,1,0,1,0,0.,0.,6.28318530717959,6.28318530717959,1.,1.,       645P   1695
1.,0.,0.,1.,6.28318530717959,0.,0.,6.28318530717959,0.,0.,1.;        645P   1696
126,1,1,1,0,1,0,0.,0.,1.,1.,1.,1.,1.,6.28318530717959,0.,1.,0.,      647P   1697
0.,0.,1.,0.,0.,1.;                                                   647P   1698
126,1,1,1,0,1,0,-0.025,-0.025,0.,0.,1.,1.,1.,0.,0.,0.,0.,0.,         649P   1699
-0.025,0.,0.,0.,1.;                                                  649P   1700
126,1,1,1,0,1,0,0.,0.,1.,1.,1.,1.,0.,0.,0.,0.,6.28318530717959,      651P   1701
0.,0.,1.,0.,0.,1.;                                                   651P   1702
102,8,637,639,641,643,645,647,649,651;                               653P   1703
124,1.,0.,0.,0.,0.,-1.,0.,0.,0.,0.,-1.,0.065;                        655P   1704
100,0.,0.,0.,0.025,0.,0.025,0.;                                      657P   1705
110,0.025,0.,0.065,0.025,0.,0.09;                                    659P   1706
124,1.,0.,0.,0.,0.,1.,0.,0.,0.,0.,1.,0.09;                           661P   1707
100,0.,0.,0.,0.025,0.,0.025,-0.;                                     663P   1708
110,0.025,0.,0.09,0.025,0.,0.065;                                    665P   1709
102,4,657,659,663,665;                                               667P   1710
142,1,635,653,667,2;                                                 669P   1711
144,635,1,0,669;                                                     671P   1712
314,8.62745121121407,31.76470696926117,69.01960968971252,10HMixe     673P   1713
dColor;                                                              673P   1714
110,-0.0253,-0.0253,0.065,0.0253,-0.0253,0.065;                      675P   1715
122,675,-0.0253,0.0253,0.065;                                        677P   1716
126,64,2,1,1,1,1,0.,0.,0.,0.19634954084936,0.19634954084936,         679P   1717
0.39269908169872,0.39269908169872,0.58904862254809,                  679P   1718
0.58904862254809,0.78539816339745,0.78539816339745,                  679P   1719
0.98174770424681,0.98174770424681,1.17809724509617,                  679P   1720
1.17809724509617,1.37444678594553,1.37444678594553,                  679P   1721
1.5707963267949,1.5707963267949,1.76714586764426,                    679P   1722
1.76714586764426,1.96349540849362,1.96349540849362,                  679P   1723
2.15984494934298,2.15984494934298,2.35619449019234,                  679P   1724
2.35619449019234,2.55254403104171,2.55254403104171,                  679P   1725
2.74889357189107,2.74889357189107,2.94524311274043,                  679P   1726
2.94524311274043,3.14159265358979,3.14159265358979,                  679P   1727
3.33794219443916,3.33794219443916,3.53429173528852,                  679P   1728
3.53429173528852,3.73064127613788,3.73064127613788,                  679P   1729
3.92699081698724,3.92699081698724,4.1233403578366,                   679P   1730
4.1233403578366,4.31968989868597,4.31968989868597,                   679P   1731
4.51603943953533,4.51603943953533,4.71238898038469,                  679P   1732
4.71238898038469,4.90873852123405,4.90873852123405,                  679P   1733
5.10508806208341,5.10508806208341,5.30143760293278,                  679P   1734
5.30143760293278,5.49778714378214,5.49778714378214,                  679P   1735
5.6941366846315,5.6941366846315,5.89048622548086,                    679P   1736
5.89048622548086,6.08683576633022,6.08683576633022,                  679P   1737
6.28318530717959,6.28318530717959,6.28318530717959,1.,1.,1.,1.,      679P   1738
1.,1.,1.,1.,1.,1.,1.,1.,1.,1.,1.,1.,1.,1.,1.,1.,1.,1.,1.,1.,1.,      679P   1739
1.,1.,1.,1.,1.,1.,1.,1.,1.,1.,1.,1.,1.,1.,1.,1.,1.,1.,1.,1.,1.,      679P   1740
1.,1.,1.,1.,1.,1.,1.,1.,1.,1.,1.,1.,1.,1.,1.,1.,1.,1.,1.,            679P   1741
0.99407114624506,0.5,0.,0.99407114624506,0.54866176055196,0.,        679P   1742
0.98457770770911,0.59638849901983,0.,0.97508426917315,               679P   1743
0.64411523748769,0.,0.9564622196202,0.68907284207761,0.,             679P   1744
0.93784017006725,0.73403044666753,0.,0.91080514441825,               679P   1745
0.77449122184763,0.,0.88377011876926,0.81495199702773,0.,            679P   1746
0.84936105789849,0.84936105789849,0.,0.81495199702773,               679P   1747
0.88377011876926,0.,0.77449122184763,0.91080514441825,0.,            679P   1748
0.73403044666753,0.93784017006725,0.,0.68907284207761,               679P   1749
0.9564622196202,0.,0.64411523748769,0.97508426917315,0.,             679P   1750
0.59638849901983,0.98457770770911,0.,0.54866176055196,               679P   1751
0.99407114624506,0.,0.5,0.99407114624506,0.,0.45133823944804,        679P   1752
0.99407114624506,0.,0.40361150098017,0.98457770770911,0.,            679P   1753
0.35588476251231,0.97508426917315,0.,0.31092715792239,               679P   1754
0.9564622196202,0.,0.26596955333247,0.93784017006725,0.,             679P   1755
0.22550877815237,0.91080514441825,0.,0.18504800297227,               679P   1756
0.88377011876926,0.,0.15063894210151,0.84936105789849,0.,            679P   1757
0.11622988123074,0.81495199702773,0.,0.08919485558175,               679P   1758
0.77449122184763,0.,0.06215982993275,0.73403044666753,0.,            679P   1759
0.0435377803798,0.68907284207761,0.,0.02491573082685,                679P   1760
0.64411523748769,0.,0.01542229229089,0.59638849901983,0.,            679P   1761
0.00592885375494,0.54866176055196,0.,0.00592885375494,0.5,0.,        679P   1762
0.00592885375494,0.45133823944804,0.,0.01542229229089,               679P   1763
0.40361150098017,0.,0.02491573082685,0.35588476251231,0.,            679P   1764
0.0435377803798,0.31092715792239,0.,0.06215982993275,                679P   1765
0.26596955333247,0.,0.08919485558175,0.22550877815237,0.,            679P   1766
0.11622988123074,0.18504800297227,0.,0.15063894210151,               679P   1767
0.15063894210151,0.,0.18504800297227,0.11622988123074,0.,            679P   1768
0.22550877815237,0.08919485558175,0.,0.26596955333247,               679P   1769
0.06215982993275,0.,0.31092715792239,0.0435377803798,0.,             679P   1770
0.35588476251231,0.02491573082685,0.,0.40361150098017,               679P   1771
0.01542229229089,0.,0.45133823944804,0.00592885375494,0.,0.5,        679P   1772
0.00592885375494,0.,0.54866176055196,0.00592885375494,0.,            679P   1773
0.59638849901983,0.01542229229089,0.,0.64411523748769,               679P   1774
0.02491573082685,0.,0.68907284207761,0.0435377803798,0.,             679P   1775
0.73403044666753,0.06215982993275,0.,0.77449122184763,               679P   1776
0.08919485558175,0.,0.81495199702773,0.11622988123074,0.,            679P   1777
0.84936105789849,0.15063894210151,0.,0.88377011876926,               679P   1778
0.18504800297227,0.,0.91080514441825,0.22550877815237,0.,            679P   1779
0.93784017006725,0.26596955333247,0.,0.9564622196202,                679P   1780
0.31092715792239,0.,0.97508426917315,0.35588476251231,0.,            679P   1781
0.98457770770911,0.40361150098017,0.,0.99407114624506,               679P   1782
0.45133823944804,0.,0.99407114624506,0.5,0.,0.,6.28318530717959,     679P   1783
0.,0.,1.;                                                            679P   1784
102,1,679;                                                           681P   1785
124,1.,0.,0.,0.,0.,1.,0.,0.,0.,0.,1.,0.065;                          683P   1786
100,0.,0.,0.,0.025,0.,0.025,-0.;                                     685P   1787
102,1,685;                                                           687P   1788
142,1,677,681,687,2;                                                 689P   1789
126,64,2,1,1,1,1,-6.28318530717959,-6.28318530717959,                691P   1790
-6.28318530717959,-6.08683576633022,-6.08683576633022,               691P   1791
-5.89048622548086,-5.89048622548086,-5.6941366846315,                691P   1792
-5.6941366846315,-5.49778714378214,-5.49778714378214,                691P   1793
-5.30143760293278,-5.30143760293278,-5.10508806208341,               691P   1794
-5.10508806208341,-4.90873852123405,-4.90873852123405,               691P   1795
-4.71238898038469,-4.71238898038469,-4.51603943953533,               691P   1796
-4.51603943953533,-4.31968989868597,-4.31968989868597,               691P   1797
-4.1233403578366,-4.1233403578366,-3.92699081698724,                 691P   1798
-3.92699081698724,-3.73064127613788,-3.73064127613788,               691P   1799
-3.53429173528852,-3.53429173528852,-3.33794219443916,               691P   1800
-3.33794219443916,-3.14159265358979,-3.14159265358979,               691P   1801
-2.94524311274043,-2.94524311274043,-2.74889357189107,               691P   1802
-2.74889357189107,-2.55254403104171,-2.55254403104171,               691P   1803
-2.35619449019234,-2.35619449019234,-2.15984494934298,               691P   1804
-2.15984494934298,-1.96349540849362,-1.96349540849362,               691P   1805
-1.76714586764426,-1.76714586764426,-1.5707963267949,                691P   1806
-1.5707963267949,-1.37444678594553,-1.37444678594553,                691P   1807
-1.17809724509617,-1.17809724509617,-0.98174770424681,               691P   1808
-0.98174770424681,-0.78539816339745,-0.78539816339745,               691P   1809
-0.58904862254809,-0.58904862254809,-0.39269908169872,               691P   1810
-0.39269908169872,-0.19634954084936,-0.19634954084936,0.,0.,0.,      691P   1811
1.,1.,1.,1.,1.,1.,1.,1.,1.,1.,1.,1.,1.,1.,1.,1.,1.,1.,1.,1.,1.,      691P   1812
1.,1.,1.,1.,1.,1.,1.,1.,1.,1.,1.,1.,1.,1.,1.,1.,1.,1.,1.,1.,1.,      691P   1813
1.,1.,1.,1.,1.,1.,1.,1.,1.,1.,1.,1.,1.,1.,1.,1.,1.,1.,1.,1.,1.,      691P   1814
1.,1.,0.89525691699605,0.5,0.,0.89525691699605,0.46107059155843,     691P   1815
0.,0.88766216616728,0.42288920078414,0.,0.88006741533852,            691P   1816
0.38470781000984,0.,0.86516977569616,0.34874172633791,0.,            691P   1817
0.8502721360538,0.31277564266597,0.,0.8286441155346,                 691P   1818
0.2804070225219,0.,0.80701609501541,0.24803840237782,0.,             691P   1819
0.77948884631879,0.22051115368121,0.,0.75196159762218,               691P   1820
0.19298390498459,0.,0.7195929774781,0.1713558844654,0.,              691P   1821
0.68722435733403,0.1497278639462,0.,0.65125827366209,                691P   1822
0.13483022430384,0.,0.61529218999016,0.11993258466148,0.,            691P   1823
0.57711079921586,0.11233783383272,0.,0.53892940844157,               691P   1824
0.10474308300395,0.,0.5,0.10474308300395,0.,0.46107059155843,        691P   1825
0.10474308300395,0.,0.42288920078414,0.11233783383272,0.,            691P   1826
0.38470781000984,0.11993258466148,0.,0.34874172633791,               691P   1827
0.13483022430384,0.,0.31277564266597,0.1497278639462,0.,             691P   1828
0.2804070225219,0.1713558844654,0.,0.24803840237782,                 691P   1829
0.19298390498459,0.,0.22051115368121,0.22051115368121,0.,            691P   1830
0.19298390498459,0.24803840237782,0.,0.1713558844654,                691P   1831
0.2804070225219,0.,0.1497278639462,0.31277564266597,0.,              691P   1832
0.13483022430384,0.34874172633791,0.,0.11993258466148,               691P   1833
0.38470781000985,0.,0.11233783383272,0.42288920078414,0.,            691P   1834
0.10474308300395,0.46107059155843,0.,0.10474308300395,0.5,0.,        691P   1835
0.10474308300395,0.53892940844157,0.,0.11233783383272,               691P   1836
0.57711079921586,0.,0.11993258466148,0.61529218999016,0.,            691P   1837
0.13483022430384,0.65125827366209,0.,0.1497278639462,                691P   1838
0.68722435733403,0.,0.1713558844654,0.7195929774781,0.,              691P   1839
0.19298390498459,0.75196159762218,0.,0.22051115368121,               691P   1840
0.77948884631879,0.,0.24803840237782,0.80701609501541,0.,            691P   1841
0.2804070225219,0.8286441155346,0.,0.31277564266597,                 691P   1842
0.8502721360538,0.,0.34874172633791,0.86516977569616,0.,             691P   1843
0.38470781000984,0.88006741533852,0.,0.42288920078414,               691P   1844
0.88766216616728,0.,0.46107059155843,0.89525691699605,0.,0.5,        691P   1845
0.89525691699605,0.,0.53892940844157,0.89525691699605,0.,            691P   1846
0.57711079921586,0.88766216616728,0.,0.61529218999016,               691P   1847
0.88006741533852,0.,0.65125827366209,0.86516977569616,0.,            691P   1848
0.68722435733403,0.8502721360538,0.,0.7195929774781,                 691P   1849
0.8286441155346,0.,0.75196159762218,0.80701609501541,0.,             691P   1850
0.77948884631879,0.77948884631879,0.,0.80701609501541,               691P   1851
0.75196159762218,0.,0.8286441155346,0.7195929774781,0.,              691P   1852
0.8502721360538,0.68722435733403,0.,0.86516977569616,                691P   1853
0.65125827366209,0.,0.88006741533852,0.61529218999016,0.,            691P   1854
0.88766216616728,0.57711079921586,0.,0.89525691699605,               691P   1855
0.53892940844157,0.,0.89525691699605,0.5,0.,-6.28318530717959,       691P   1856
0.,0.,0.,1.;                                                         691P   1857
102,1,691;                                                           693P   1858
124,1.,0.,0.,0.,0.,-1.,0.,0.,0.,0.,-1.,0.065;                        695P   1859
100,0.,0.,0.,0.02,0.,0.02,0.;                                        697P   1860
102,1,697;                                                           699P   1861
142,1,677,693,699,2;                                                 701P   1862
144,677,1,1,689,701;                                                 703P   1863
314,8.62745121121407,31.76470696926117,69.01960968971252,10HMixe     705P   1864
dColor;                                                              705P   1865
110,0.,0.,0.,0.,0.,1.;                                               707P   1866
110,0.02,0.,0.,0.02,0.,0.065;                                        709P   1867
120,707,709,0.,6.28318530717959;                                     711P   1868
126,1,1,1,0,1,0,-6.28318530717959,-6.28318530717959,0.,0.,1.,1.,     713P   1869
0.,6.28318530717959,0.,0.,0.,0.,-6.28318530717959,0.,0.,0.,1.;       713P   1870
126,1,1,1,0,1,0,0.,0.,1.,1.,1.,1.,0.,0.,0.,0.,6.28318530717959,      715P   1871
0.,0.,1.,0.,0.,1.;                                                   715P   1872
126,1,1,1,0,1,0,0.,0.,0.065,0.065,1.,1.,0.,6.28318530717959,0.,      717P   1873
1.,6.28318530717959,0.,0.,0.065,0.,0.,1.;                            717P   1874
126,1,1,1,0,1,0,0.,0.,1.,1.,1.,1.,1.,6.28318530717959,0.,1.,0.,      719P   1875
0.,0.,1.,0.,0.,1.;                                                   719P   1876
126,1,1,1,0,1,0,0.,0.,6.28318530717959,6.28318530717959,1.,1.,       721P   1877
1.,0.,0.,1.,6.28318530717959,0.,0.,6.28318530717959,0.,0.,1.;        721P   1878
126,1,1,1,0,1,0,0.,0.,1.,1.,1.,1.,1.,6.28318530717959,0.,1.,0.,      723P   1879
0.,0.,1.,0.,0.,1.;                                                   723P   1880
126,1,1,1,0,1,0,-0.065,-0.065,0.,0.,1.,1.,1.,0.,0.,0.,0.,0.,         725P   1881
-0.065,0.,0.,0.,1.;                                                  725P   1882
126,1,1,1,0,1,0,0.,0.,1.,1.,1.,1.,0.,0.,0.,0.,6.28318530717959,      727P   1883
0.,0.,1.,0.,0.,1.;                                                   727P   1884
102,8,713,715,717,719,721,723,725,727;                               729P   1885
124,1.,0.,0.,0.,0.,-1.,0.,0.,0.,0.,-1.,0.;                           731P   1886
100,0.,0.,0.,0.02,0.,0.02,0.;                                        733P   1887
110,0.02,0.,0.,0.02,0.,0.065;                                        735P   1888
124,1.,0.,0.,0.,0.,1.,0.,0.,0.,0.,1.,0.065;                          737P   1889
100,0.,0.,0.,0.02,0.,0.02,-0.;                                       739P   1890
110,0.02,0.,0.065,0.02,0.,0.;                                        741P   1891
102,4,733,735,739,741;                                               743P   1892
142,1,711,729,743,2;                                                 745P   1893
144,711,1,0,745;                                                     747P   1894
314,8.62745121121407,31.76470696926117,69.01960968971252,10HMixe     749P   1895
dColor;                                                              749P   1896
110,-0.02024,-0.02024,0.,0.02024,-0.02024,0.;                        751P   1897
122,751,-0.02024,0.02024,0.;                                         753P   1898
126,64,2,1,1,1,1,0.,0.,0.,0.19634954084936,0.19634954084936,         755P   1899
0.39269908169872,0.39269908169872,0.58904862254809,                  755P   1900
0.58904862254809,0.78539816339745,0.78539816339745,                  755P   1901
0.98174770424681,0.98174770424681,1.17809724509617,                  755P   1902
1.17809724509617,1.37444678594553,1.37444678594553,                  755P   1903
1.5707963267949,1.5707963267949,1.76714586764426,                    755P   1904
1.76714586764426,1.96349540849362,1.96349540849362,                  755P   1905
2.15984494934298,2.15984494934298,2.35619449019234,                  755P   1906
2.35619449019234,2.55254403104171,2.55254403104171,                  755P   1907
2.74889357189107,2.74889357189107,2.94524311274043,                  755P   1908
2.94524311274043,3.14159265358979,3.14159265358979,                  755P   1909
3.33794219443916,3.33794219443916,3.53429173528852,                  755P   1910
3.53429173528852,3.73064127613788,3.73064127613788,                  755P   1911
3.92699081698724,3.92699081698724,4.1233403578366,                   755P   1912
4.1233403578366,4.31968989868597,4.31968989868597,                   755P   1913
4.51603943953533,4.51603943953533,4.71238898038469,                  755P   1914
4.71238898038469,4.90873852123405,4.90873852123405,                  755P   1915
5.10508806208341,5.10508806208341,5.30143760293278,                  755P   1916
5.30143760293278,5.49778714378214,5.49778714378214,                  755P   1917
5.6941366846315,5.6941366846315,5.89048622548086,                    755P   1918
5.89048622548086,6.08683576633022,6.08683576633022,                  755P   1919
6.28318530717959,6.28318530717959,6.28318530717959,1.,1.,1.,1.,      755P   1920
1.,1.,1.,1.,1.,1.,1.,1.,1.,1.,1.,1.,1.,1.,1.,1.,1.,1.,1.,1.,1.,      755P   1921
1.,1.,1.,1.,1.,1.,1.,1.,1.,1.,1.,1.,1.,1.,1.,1.,1.,1.,1.,1.,1.,      755P   1922
1.,1.,1.,1.,1.,1.,1.,1.,1.,1.,1.,1.,1.,1.,1.,1.,1.,1.,1.,            755P   1923
0.99407114624506,0.5,0.,0.99407114624506,0.54866176055196,0.,        755P   1924
0.98457770770911,0.59638849901983,0.,0.97508426917315,               755P   1925
0.64411523748769,0.,0.9564622196202,0.68907284207761,0.,             755P   1926
0.93784017006725,0.73403044666753,0.,0.91080514441825,               755P   1927
0.77449122184763,0.,0.88377011876926,0.81495199702773,0.,            755P   1928
0.84936105789849,0.84936105789849,0.,0.81495199702773,               755P   1929
0.88377011876926,0.,0.77449122184763,0.91080514441825,0.,            755P   1930
0.73403044666753,0.93784017006725,0.,0.68907284207761,               755P   1931
0.9564622196202,0.,0.64411523748769,0.97508426917315,0.,             755P   1932
0.59638849901983,0.98457770770911,0.,0.54866176055196,               755P   1933
0.99407114624506,0.,0.5,0.99407114624506,0.,0.45133823944804,        755P   1934
0.99407114624506,0.,0.40361150098017,0.98457770770911,0.,            755P   1935
0.35588476251231,0.97508426917315,0.,0.31092715792239,               755P   1936
0.9564622196202,0.,0.26596955333247,0.93784017006725,0.,             755P   1937
0.22550877815237,0.91080514441825,0.,0.18504800297227,               755P   1938
0.88377011876926,0.,0.15063894210151,0.84936105789849,0.,            755P   1939
0.11622988123074,0.81495199702773,0.,0.08919485558175,               755P   1940
0.77449122184763,0.,0.06215982993275,0.73403044666753,0.,            755P   1941
0.0435377803798,0.68907284207761,0.,0.02491573082685,                755P   1942
0.64411523748769,0.,0.01542229229089,0.59638849901983,0.,            755P   1943
0.00592885375494,0.54866176055196,0.,0.00592885375494,0.5,0.,        755P   1944
0.00592885375494,0.45133823944804,0.,0.01542229229089,               755P   1945
0.40361150098017,0.,0.02491573082685,0.35588476251231,0.,            755P   1946
0.0435377803798,0.31092715792239,0.,0.06215982993275,                755P   1947
0.26596955333247,0.,0.08919485558175,0.22550877815237,0.,            755P   1948
0.11622988123074,0.18504800297227,0.,0.15063894210151,               755P   1949
0.15063894210151,0.,0.18504800297227,0.11622988123074,0.,            755P   1950
0.22550877815237,0.08919485558175,0.,0.26596955333247,               755P   1951
0.06215982993275,0.,0.31092715792239,0.0435377803798,0.,             755P   1952
0.35588476251231,0.02491573082685,0.,0.40361150098017,               755P   1953
0.01542229229089,0.,0.45133823944804,0.00592885375494,0.,0.5,        755P   1954
0.00592885375494,0.,0.54866176055196,0.00592885375494,0.,            755P   1955
0.59638849901983,0.01542229229089,0.,0.64411523748769,               755P   1956
0.02491573082685,0.,0.68907284207761,0.0435377803798,0.,             755P   1957
0.73403044666753,0.06215982993275,0.,0.77449122184763,               755P   1958
0.08919485558175,0.,0.81495199702773,0.11622988123074,0.,            755P   1959
0.84936105789849,0.15063894210151,0.,0.88377011876926,               755P   1960
0.18504800297227,0.,0.91080514441825,0.22550877815237,0.,            755P   1961
0.93784017006725,0.26596955333247,0.,0.9564622196202,                755P   1962
0.31092715792239,0.,0.97508426917315,0.35588476251231,0.,            755P   1963
0.98457770770911,0.40361150098017,0.,0.99407114624506,               755P   1964
0.45133823944804,0.,0.99407114624506,0.5,0.,0.,6.28318530717959,     755P   1965
0.,0.,1.;                                                            755P   1966
102,1,755;                                                           757P   1967
100,0.,0.,0.,0.02,0.,0.02,-0.;                                       759P   1968
102,1,759;                                                           761P   1969
142,1,753,757,761,2;                                                 763P   1970
144,753,1,0,763;                                                     765P   1971
S      2G      4D    766P   1971                                        T      1
