Data from Parasolid IGES Translator 28.1.247, Copyright(c) 2006 Siemens S      1
PLM Software. All Rights Reserved.                                      S      2
1H,,1H;,6HNoname,29H6a2d2a68e734eee00f8f88ab.iges,27HBy Siemens PLM IncoG      1
rporated,27HXPlus GENERIC/IGES 28.1.247,32,38, 6,308,15,6HNoname,1.000, G      2
6,1HM,1,1.000,15H20260613.100113,1.0e-08,0.00,6HNoname,6HNoname,11,0,15HG      3
20260613.100113;                                                        G      4
     314       1       0       1       0       0       0       000010001D      1
     314       1       0       2       0       0       0               0D      2
     110       3       0       1       0       0       0       000010001D      3
     110       1       0       1       0       0       0               0D      4
     110       4       0       1       0       0       0       000010001D      5
     110       1       0       1       0       0       0               0D      6
     120       5       0       1       0       0       0       000010001D      7
     120       1       0       1       0       0       0               0D      8
     126       6       0       1       0       0       0       000010501D      9
     126       1       0       4       0       0       0               0D     10
     126      10       0       1       0       0       0       000010501D     11
     126       1       0       2       0       0       0               0D     12
     126      12       0       1       0       0       0       000010501D     13
     126       1       0       4       0       0       0               0D     14
     126      16       0       1       0       0       0       000010501D     15
     126       1       0       2       0       0       0               0D     16
     102      18       0       1       0       0       0       000010501D     17
     102       1       0       1       0       0       0               0D     18
     124      19       0       1       0       0       0       000010001D     19
     124       1       0       1       0       0       0               0D     20
     100      20       0       1       0       0      19       000010001D     21
     100       1       0       1       0       0       0               0D     22
     110      21       0       1       0       0       0       000010001D     23
     110       1       0       1       0       0       0               0D     24
     124      22       0       1       0       0       0       000010001D     25
     124       1       0       1       0       0       0               0D     26
     100      23       0       1       0       0      25       000010001D     27
     100       1       0       1       0       0       0               0D     28
     110      24       0       1       0       0       0       000010001D     29
     110       1       0       1       0       0       0               0D     30
     102      25       0       1       0       0       0       000010001D     31
     102       1       0       1       0       0       0               0D     32
     142      26       0       1       0       0       0       000010001D     33
     142       1       0       1       0       0       0               0D     34
     144      27       0       1       0       0       0       000000001D     35
     144       1      -1       1       0       0       0               0D     36
     314      28       0       1       0       0       0       000010001D     37
     314       1       0       2       0       0       0               0D     38
     110      30       0       1       0       0       0       000010001D     39
     110       1       0       1       0       0       0               0D     40
     122      31       0       1       0       0       0       000010001D     41
     122       1       0       1       0       0       0               0D     42
     126      32       0       1       0       0       0       000010501D     43
     126       1       0       2       0       0       0               0D     44
     126      34       0       1       0       0       0       000010501D     45
     126       1       0      19       0       0       0               0D     46
     126      53       0       1       0       0       0       000010501D     47
     126       1       0       3       0       0       0               0D     48
     126      56       0       1       0       0       0       000010501D     49
     126       1       0       2       0       0       0               0D     50
     126      58       0       1       0       0       0       000010501D     51
     126       1       0       2       0       0       0               0D     52
     102      60       0       1       0       0       0       000010501D     53
     102       1       0       1       0       0       0               0D     54
     110      61       0       1       0       0       0       000010001D     55
     110       1       0       1       0       0       0               0D     56
     124      62       0       1       0       0       0       000010001D     57
     124       1       0       1       0       0       0               0D     58
     100      63       0       1       0       0      57       000010001D     59
     100       1       0       1       0       0       0               0D     60
     110      64       0       1       0       0       0       000010001D     61
     110       1       0       1       0       0       0               0D     62
     110      65       0       1       0       0       0       000010001D     63
     110       1       0       1       0       0       0               0D     64
     110      66       0       1       0       0       0       000010001D     65
     110       1       0       1       0       0       0               0D     66
     102      67       0       1       0       0       0       000010001D     67
     102       1       0       1       0       0       0               0D     68
     142      68       0       1       0       0       0       000010001D     69
     142       1       0       1       0       0       0               0D     70
     126      69       0       1       0       0       0       000010501D     71
     126       1       0      69       0       0       0               0D     72
     102     138       0       1       0       0       0       000010501D     73
     102       1       0       1       0       0       0               0D     74
     124     139       0       1       0       0       0       000010001D     75
     124       1       0       1       0       0       0               0D     76
     100     140       0       1       0       0      75       000010001D     77
     100       1       0       1       0       0       0               0D     78
     102     141       0       1       0       0       0       000010001D     79
     102       1       0       1       0       0       0               0D     80
     142     142       0       1       0       0       0       000010001D     81
     142       1       0       1       0       0       0               0D     82
     126     143       0       1       0       0       0       000010501D     83
     126       1       0      68       0       0       0               0D     84
     102     211       0       1       0       0       0       000010501D     85
     102       1       0       1       0       0       0               0D     86
     124     212       0       1       0       0       0       000010001D     87
     124       1       0       1       0       0       0               0D     88
     100     213       0       1       0       0      87       000010001D     89
     100       1       0       1       0       0       0               0D     90
     102     214       0       1       0       0       0       000010001D     91
     102       1       0       1       0       0       0               0D     92
     142     215       0       1       0       0       0       000010001D     93
     142       1       0       1       0       0       0               0D     94
     144     216       0       1       0       0       0       000000001D     95
     144       1     -37       1       0       0       0               0D     96
     314     217       0       1       0       0       0       000010001D     97
     314       1       0       2       0       0       0               0D     98
     110     219       0       1       0       0       0       000010001D     99
     110       1       0       1       0       0       0               0D    100
     122     220       0       1       0       0       0       000010001D    101
     122       1       0       1       0       0       0               0D    102
     126     221       0       1       0       0       0       000010501D    103
     126       1       0       2       0       0       0               0D    104
     126     223       0       1       0       0       0       000010501D    105
     126       1       0       2       0       0       0               0D    106
     126     225       0       1       0       0       0       000010501D    107
     126       1       0       2       0       0       0               0D    108
     126     227       0       1       0       0       0       000010501D    109
     126       1       0       2       0       0       0               0D    110
     102     229       0       1       0       0       0       000010501D    111
     102       1       0       1       0       0       0               0D    112
     110     230       0       1       0       0       0       000010001D    113
     110       1       0       1       0       0       0               0D    114
     110     231       0       1       0       0       0       000010001D    115
     110       1       0       1       0       0       0               0D    116
     110     232       0       1       0       0       0       000010001D    117
     110       1       0       1       0       0       0               0D    118
     110     233       0       1       0       0       0       000010001D    119
     110       1       0       1       0       0       0               0D    120
     102     234       0       1       0       0       0       000010001D    121
     102       1       0       1       0       0       0               0D    122
     142     235       0       1       0       0       0       000010001D    123
     142       1       0       1       0       0       0               0D    124
     144     236       0       1       0       0       0       000000001D    125
     144       1     -97       1       0       0       0               0D    126
     314     237       0       1       0       0       0       000010001D    127
     314       1       0       2       0       0       0               0D    128
     110     239       0       1       0       0       0       000010001D    129
     110       1       0       1       0       0       0               0D    130
     122     240       0       1       0       0       0       000010001D    131
     122       1       0       1       0       0       0               0D    132
     126     241       0       1       0       0       0       000010501D    133
     126       1       0       2       0       0       0               0D    134
     126     243       0       1       0       0       0       000010501D    135
     126       1       0       3       0       0       0               0D    136
     126     246       0       1       0       0       0       000010501D    137
     126       1       0       2       0       0       0               0D    138
     126     248       0       1       0       0       0       000010501D    139
     126       1       0       2       0       0       0               0D    140
     126     250       0       1       0       0       0       000010501D    141
     126       1       0       2       0       0       0               0D    142
     126     252       0       1       0       0       0       000010501D    143
     126       1       0       2       0       0       0               0D    144
     102     254       0       1       0       0       0       000010501D    145
     102       1       0       1       0       0       0               0D    146
     110     255       0       1       0       0       0       000010001D    147
     110       1       0       1       0       0       0               0D    148
     110     256       0       1       0       0       0       000010001D    149
     110       1       0       1       0       0       0               0D    150
     110     257       0       1       0       0       0       000010001D    151
     110       1       0       1       0       0       0               0D    152
     110     258       0       1       0       0       0       000010001D    153
     110       1       0       1       0       0       0               0D    154
     110     259       0       1       0       0       0       000010001D    155
     110       1       0       1       0       0       0               0D    156
     110     260       0       1       0       0       0       000010001D    157
     110       1       0       1       0       0       0               0D    158
     102     261       0       1       0       0       0       000010001D    159
     102       1       0       1       0       0       0               0D    160
     142     262       0       1       0       0       0       000010001D    161
     142       1       0       1       0       0       0               0D    162
     126     263       0       1       0       0       0       000010501D    163
     126       1       0       2       0       0       0               0D    164
     126     265       0       1       0       0       0       000010501D    165
     126       1       0       3       0       0       0               0D    166
     126     268       0       1       0       0       0       000010501D    167
     126       1       0       3       0       0       0               0D    168
     126     271       0       1       0       0       0       000010501D    169
     126       1       0       3       0       0       0               0D    170
     102     274       0       1       0       0       0       000010501D    171
     102       1       0       1       0       0       0               0D    172
     110     275       0       1       0       0       0       000010001D    173
     110       1       0       1       0       0       0               0D    174
     110     276       0       1       0       0       0       000010001D    175
     110       1       0       1       0       0       0               0D    176
     110     277       0       1       0       0       0       000010001D    177
     110       1       0       1       0       0       0               0D    178
     110     278       0       1       0       0       0       000010001D    179
     110       1       0       1       0       0       0               0D    180
     102     279       0       1       0       0       0       000010001D    181
     102       1       0       1       0       0       0               0D    182
     142     280       0       1       0       0       0       000010001D    183
     142       1       0       1       0       0       0               0D    184
     144     281       0       1       0       0       0       000000001D    185
     144       1    -127       1       0       0       0               0D    186
     314     282       0       1       0       0       0       000010001D    187
     314       1       0       2       0       0       0               0D    188
     110     284       0       1       0       0       0       000010001D    189
     110       1       0       1       0       0       0               0D    190
     122     285       0       1       0       0       0       000010001D    191
     122       1       0       1       0       0       0               0D    192
     126     286       0       1       0       0       0       000010501D    193
     126       1       0       2       0       0       0               0D    194
     126     288       0       1       0       0       0       000010501D    195
     126       1       0       2       0       0       0               0D    196
     126     290       0       1       0       0       0       000010501D    197
     126       1       0       2       0       0       0               0D    198
     126     292       0       1       0       0       0       000010501D    199
     126       1       0       3       0       0       0               0D    200
     126     295       0       1       0       0       0       000010501D    201
     126       1       0       2       0       0       0               0D    202
     126     297       0       1       0       0       0       000010501D    203
     126       1       0       2       0       0       0               0D    204
     102     299       0       1       0       0       0       000010501D    205
     102       1       0       1       0       0       0               0D    206
     110     300       0       1       0       0       0       000010001D    207
     110       1       0       1       0       0       0               0D    208
     110     301       0       1       0       0       0       000010001D    209
     110       1       0       1       0       0       0               0D    210
     110     302       0       1       0       0       0       000010001D    211
     110       1       0       1       0       0       0               0D    212
     110     303       0       1       0       0       0       000010001D    213
     110       1       0       1       0       0       0               0D    214
     110     304       0       1       0       0       0       000010001D    215
     110       1       0       1       0       0       0               0D    216
     110     305       0       1       0       0       0       000010001D    217
     110       1       0       1       0       0       0               0D    218
     102     306       0       1       0       0       0       000010001D    219
     102       1       0       1       0       0       0               0D    220
     142     307       0       1       0       0       0       000010001D    221
     142       1       0       1       0       0       0               0D    222
     144     308       0       1       0       0       0       000000001D    223
     144       1    -187       1       0       0       0               0D    224
     314     309       0       1       0       0       0       000010001D    225
     314       1       0       2       0       0       0               0D    226
     110     311       0       1       0       0       0       000010001D    227
     110       1       0       1       0       0       0               0D    228
     122     312       0       1       0       0       0       000010001D    229
     122       1       0       1       0       0       0               0D    230
     126     313       0       1       0       0       0       000010501D    231
     126       1       0       2       0       0       0               0D    232
     126     315       0       1       0       0       0       000010501D    233
     126       1       0       2       0       0       0               0D    234
     126     317       0       1       0       0       0       000010501D    235
     126       1       0       2       0       0       0               0D    236
     126     319       0       1       0       0       0       000010501D    237
     126       1       0       2       0       0       0               0D    238
     102     321       0       1       0       0       0       000010501D    239
     102       1       0       1       0       0       0               0D    240
     110     322       0       1       0       0       0       000010001D    241
     110       1       0       1       0       0       0               0D    242
     110     323       0       1       0       0       0       000010001D    243
     110       1       0       1       0       0       0               0D    244
     110     324       0       1       0       0       0       000010001D    245
     110       1       0       1       0       0       0               0D    246
     110     325       0       1       0       0       0       000010001D    247
     110       1       0       1       0       0       0               0D    248
     102     326       0       1       0       0       0       000010001D    249
     102       1       0       1       0       0       0               0D    250
     142     327       0       1       0       0       0       000010001D    251
     142       1       0       1       0       0       0               0D    252
     144     328       0       1       0       0       0       000000001D    253
     144       1    -225       1       0       0       0               0D    254
     314     329       0       1       0       0       0       000010001D    255
     314       1       0       2       0       0       0               0D    256
     110     331       0       1       0       0       0       000010001D    257
     110       1       0       1       0       0       0               0D    258
     122     332       0       1       0       0       0       000010001D    259
     122       1       0       1       0       0       0               0D    260
     126     333       0       1       0       0       0       000010501D    261
     126       1       0       2       0       0       0               0D    262
     126     335       0       1       0       0       0       000010501D    263
     126       1       0      19       0       0       0               0D    264
     126     354       0       1       0       0       0       000010501D    265
     126       1       0      19       0       0       0               0D    266
     126     373       0       1       0       0       0       000010501D    267
     126       1       0       3       0       0       0               0D    268
     126     376       0       1       0       0       0       000010501D    269
     126       1       0       3       0       0       0               0D    270
     126     379       0       1       0       0       0       000010501D    271
     126       1       0       2       0       0       0               0D    272
     126     381       0       1       0       0       0       000010501D    273
     126       1       0       2       0       0       0               0D    274
     102     383       0       1       0       0       0       000010501D    275
     102       1       0       1       0       0       0               0D    276
     110     384       0       1       0       0       0       000010001D    277
     110       1       0       1       0       0       0               0D    278
     124     385       0       1       0       0       0       000010001D    279
     124       1       0       1       0       0       0               0D    280
     100     386       0       1       0       0     279       000010001D    281
     100       1       0       1       0       0       0               0D    282
     124     387       0       1       0       0       0       000010001D    283
     124       1       0       1       0       0       0               0D    284
     100     388       0       1       0       0     283       000010001D    285
     100       1       0       1       0       0       0               0D    286
     110     389       0       1       0       0       0       000010001D    287
     110       1       0       1       0       0       0               0D    288
     110     390       0       1       0       0       0       000010001D    289
     110       1       0       1       0       0       0               0D    290
     110     391       0       1       0       0       0       000010001D    291
     110       1       0       1       0       0       0               0D    292
     110     392       0       1       0       0       0       000010001D    293
     110       1       0       1       0       0       0               0D    294
     102     393       0       1       0       0       0       000010001D    295
     102       1       0       1       0       0       0               0D    296
     142     394       0       1       0       0       0       000010001D    297
     142       1       0       1       0       0       0               0D    298
     126     395       0       1       0       0       0       000010501D    299
     126       1       0      69       0       0       0               0D    300
     102     464       0       1       0       0       0       000010501D    301
     102       1       0       1       0       0       0               0D    302
     124     465       0       1       0       0       0       000010001D    303
     124       1       0       1       0       0       0               0D    304
     100     466       0       1       0       0     303       000010001D    305
     100       1       0       1       0       0       0               0D    306
     102     467       0       1       0       0       0       000010001D    307
     102       1       0       1       0       0       0               0D    308
     142     468       0       1       0       0       0       000010001D    309
     142       1       0       1       0       0       0               0D    310
     144     469       0       1       0       0       0       000000001D    311
     144       1    -255       1       0       0       0               0D    312
     314     470       0       1       0       0       0       000010001D    313
     314       1       0       2       0       0       0               0D    314
     110     472       0       1       0       0       0       000010001D    315
     110       1       0       1       0       0       0               0D    316
     122     473       0       1       0       0       0       000010001D    317
     122       1       0       1       0       0       0               0D    318
     126     474       0       1       0       0       0       000010501D    319
     126       1       0       2       0       0       0               0D    320
     126     476       0       1       0       0       0       000010501D    321
     126       1       0       2       0       0       0               0D    322
     126     478       0       1       0       0       0       000010501D    323
     126       1       0       3       0       0       0               0D    324
     126     481       0       1       0       0       0       000010501D    325
     126       1       0      20       0       0       0               0D    326
     126     501       0       1       0       0       0       000010501D    327
     126       1       0       2       0       0       0               0D    328
     126     503       0       1       0       0       0       000010501D    329
     126       1       0       2       0       0       0               0D    330
     126     505       0       1       0       0       0       000010501D    331
     126       1       0       2       0       0       0               0D    332
     102     507       0       1       0       0       0       000010501D    333
     102       1       0       1       0       0       0               0D    334
     110     508       0       1       0       0       0       000010001D    335
     110       1       0       1       0       0       0               0D    336
     110     509       0       1       0       0       0       000010001D    337
     110       1       0       1       0       0       0               0D    338
     110     510       0       1       0       0       0       000010001D    339
     110       1       0       1       0       0       0               0D    340
     124     511       0       1       0       0       0       000010001D    341
     124       1       0       1       0       0       0               0D    342
     100     512       0       1       0       0     341       000010001D    343
     100       1       0       1       0       0       0               0D    344
     110     513       0       1       0       0       0       000010001D    345
     110       1       0       1       0       0       0               0D    346
     110     514       0       1       0       0       0       000010001D    347
     110       1       0       1       0       0       0               0D    348
     110     515       0       1       0       0       0       000010001D    349
     110       1       0       1       0       0       0               0D    350
     102     516       0       1       0       0       0       000010001D    351
     102       1       0       1       0       0       0               0D    352
     142     517       0       1       0       0       0       000010001D    353
     142       1       0       1       0       0       0               0D    354
     126     518       0       1       0       0       0       000010501D    355
     126       1       0      71       0       0       0               0D    356
     102     589       0       1       0       0       0       000010501D    357
     102       1       0       1       0       0       0               0D    358
     124     590       0       1       0       0       0       000010001D    359
     124       1       0       1       0       0       0               0D    360
     100     591       0       1       0       0     359       000010001D    361
     100       1       0       1       0       0       0               0D    362
     102     592       0       1       0       0       0       000010001D    363
     102       1       0       1       0       0       0               0D    364
     142     593       0       1       0       0       0       000010001D    365
     142       1       0       1       0       0       0               0D    366
     126     594       0       1       0       0       0       000010501D    367
     126       1       0      71       0       0       0               0D    368
     102     665       0       1       0       0       0       000010501D    369
     102       1       0       1       0       0       0               0D    370
     124     666       0       1       0       0       0       000010001D    371
     124       1       0       1       0       0       0               0D    372
     100     667       0       1       0       0     371       000010001D    373
     100       1       0       1       0       0       0               0D    374
     102     668       0       1       0       0       0       000010001D    375
     102       1       0       1       0       0       0               0D    376
     142     669       0       1       0       0       0       000010001D    377
     142       1       0       1       0       0       0               0D    378
     144     670       0       1       0       0       0       000000001D    379
     144       1    -313       1       0       0       0               0D    380
     314     671       0       1       0       0       0       000010001D    381
     314       1       0       2       0       0       0               0D    382
     110     673       0       1       0       0       0       000010001D    383
     110       1       0       1       0       0       0               0D    384
     122     674       0       1       0       0       0       000010001D    385
     122       1       0       1       0       0       0               0D    386
     126     675       0       1       0       0       0       000010501D    387
     126       1       0       2       0       0       0               0D    388
     126     677       0       1       0       0       0       000010501D    389
     126       1       0       2       0       0       0               0D    390
     126     679       0       1       0       0       0       000010501D    391
     126       1       0       2       0       0       0               0D    392
     126     681       0       1       0       0       0       000010501D    393
     126       1       0       2       0       0       0               0D    394
     102     683       0       1       0       0       0       000010501D    395
     102       1       0       1       0       0       0               0D    396
     110     684       0       1       0       0       0       000010001D    397
     110       1       0       1       0       0       0               0D    398
     110     685       0       1       0       0       0       000010001D    399
     110       1       0       1       0       0       0               0D    400
     110     686       0       1       0       0       0       000010001D    401
     110       1       0       1       0       0       0               0D    402
     110     687       0       1       0       0       0       000010001D    403
     110       1       0       1       0       0       0               0D    404
     102     688       0       1       0       0       0       000010001D    405
     102       1       0       1       0       0       0               0D    406
     142     689       0       1       0       0       0       000010001D    407
     142       1       0       1       0       0       0               0D    408
     126     690       0       1       0       0       0       000010501D    409
     126       1       0       3       0       0       0               0D    410
     126     693       0       1       0       0       0       000010501D    411
     126       1       0       3       0       0       0               0D    412
     126     696       0       1       0       0       0       000010501D    413
     126       1       0       3       0       0       0               0D    414
     126     699       0       1       0       0       0       000010501D    415
     126       1       0       3       0       0       0               0D    416
     102     702       0       1       0       0       0       000010501D    417
     102       1       0       1       0       0       0               0D    418
     110     703       0       1       0       0       0       000010001D    419
     110       1       0       1       0       0       0               0D    420
     110     704       0       1       0       0       0       000010001D    421
     110       1       0       1       0       0       0               0D    422
     110     705       0       1       0       0       0       000010001D    423
     110       1       0       1       0       0       0               0D    424
     110     706       0       1       0       0       0       000010001D    425
     110       1       0       1       0       0       0               0D    426
     102     707       0       1       0       0       0       000010001D    427
     102       1       0       1       0       0       0               0D    428
     142     708       0       1       0       0       0       000010001D    429
     142       1       0       1       0       0       0               0D    430
     144     709       0       1       0       0       0       000000001D    431
     144       1    -381       1       0       0       0               0D    432
     314     710       0       1       0       0       0       000010001D    433
     314       1       0       2       0       0       0               0D    434
     110     712       0       1       0       0       0       000010001D    435
     110       1       0       1       0       0       0               0D    436
     110     713       0       1       0       0       0       000010001D    437
     110       1       0       1       0       0       0               0D    438
     120     714       0       1       0       0       0       000010001D    439
     120       1       0       1       0       0       0               0D    440
     126     715       0       1       0       0       0       000010501D    441
     126       1       0       3       0       0       0               0D    442
     126     718       0       1       0       0       0       000010501D    443
     126       1       0       2       0       0       0               0D    444
     126     720       0       1       0       0       0       000010501D    445
     126       1       0       2       0       0       0               0D    446
     126     722       0       1       0       0       0       000010501D    447
     126       1       0       2       0       0       0               0D    448
     126     724       0       1       0       0       0       000010501D    449
     126       1       0       2       0       0       0               0D    450
     126     726       0       1       0       0       0       000010501D    451
     126       1       0       2       0       0       0               0D    452
     126     728       0       1       0       0       0       000010501D    453
     126       1       0       2       0       0       0               0D    454
     126     730       0       1       0       0       0       000010501D    455
     126       1       0       2       0       0       0               0D    456
     102     732       0       1       0       0       0       000010501D    457
     102       1       0       1       0       0       0               0D    458
     124     733       0       1       0       0       0       000010001D    459
     124       1       0       1       0       0       0               0D    460
     100     734       0       1       0       0     459       000010001D    461
     100       1       0       1       0       0       0               0D    462
     110     735       0       1       0       0       0       000010001D    463
     110       1       0       1       0       0       0               0D    464
     124     736       0       1       0       0       0       000010001D    465
     124       1       0       1       0       0       0               0D    466
     100     737       0       1       0       0     465       000010001D    467
     100       1       0       1       0       0       0               0D    468
     110     738       0       1       0       0       0       000010001D    469
     110       1       0       1       0       0       0               0D    470
     102     739       0       1       0       0       0       000010001D    471
     102       1       0       1       0       0       0               0D    472
     142     740       0       1       0       0       0       000010001D    473
     142       1       0       1       0       0       0               0D    474
     144     741       0       1       0       0       0       000000001D    475
     144       1    -433       1       0       0       0               0D    476
     314     742       0       1       0       0       0       000010001D    477
     314       1       0       2       0       0       0               0D    478
     110     744       0       1       0       0       0       000010001D    479
     110       1       0       1       0       0       0               0D    480
     110     745       0       1       0       0       0       000010001D    481
     110       1       0       1       0       0       0               0D    482
     120     746       0       1       0       0       0       000010001D    483
     120       1       0       1       0       0       0               0D    484
     126     747       0       1       0       0       0       000010501D    485
     126       1       0       3       0       0       0               0D    486
     126     750       0       1       0       0       0       000010501D    487
     126       1       0       2       0       0       0               0D    488
     126     752       0       1       0       0       0       000010501D    489
     126       1       0       2       0       0       0               0D    490
     126     754       0       1       0       0       0       000010501D    491
     126       1       0       2       0       0       0               0D    492
     126     756       0       1       0       0       0       000010501D    493
     126       1       0       2       0       0       0               0D    494
     126     758       0       1       0       0       0       000010501D    495
     126       1       0       2       0       0       0               0D    496
     126     760       0       1       0       0       0       000010501D    497
     126       1       0       2       0       0       0               0D    498
     126     762       0       1       0       0       0       000010501D    499
     126       1       0       2       0       0       0               0D    500
     102     764       0       1       0       0       0       000010501D    501
     102       1       0       1       0       0       0               0D    502
     124     765       0       1       0       0       0       000010001D    503
     124       1       0       1       0       0       0               0D    504
     100     766       0       1       0       0     503       000010001D    505
     100       1       0       1       0       0       0               0D    506
     110     767       0       1       0       0       0       000010001D    507
     110       1       0       1       0       0       0               0D    508
     124     768       0       1       0       0       0       000010001D    509
     124       1       0       1       0       0       0               0D    510
     100     769       0       1       0       0     509       000010001D    511
     100       1       0       1       0       0       0               0D    512
     110     770       0       1       0       0       0       000010001D    513
     110       1       0       1       0       0       0               0D    514
     102     771       0       1       0       0       0       000010001D    515
     102       1       0       1       0       0       0               0D    516
     142     772       0       1       0       0       0       000010001D    517
     142       1       0       1       0       0       0               0D    518
     144     773       0       1       0       0       0       000000001D    519
     144       1    -477       1       0       0       0               0D    520
     314     774       0       1       0       0       0       000010001D    521
     314       1       0       2       0       0       0               0D    522
     110     776       0       1       0       0       0       000010001D    523
     110       1       0       1       0       0       0               0D    524
     110     777       0       1       0       0       0       000010001D    525
     110       1       0       1       0       0       0               0D    526
     120     778       0       1       0       0       0       000010001D    527
     120       1       0       1       0       0       0               0D    528
     126     779       0       1       0       0       0       000010501D    529
     126       1       0       2       0       0       0               0D    530
     126     781       0       1       0       0       0       000010501D    531
     126       1       0       2       0       0       0               0D    532
     126     783       0       1       0       0       0       000010501D    533
     126       1       0       2       0       0       0               0D    534
     126     785       0       1       0       0       0       000010501D    535
     126       1       0       2       0       0       0               0D    536
     102     787       0       1       0       0       0       000010501D    537
     102       1       0       1       0       0       0               0D    538
     110     788       0       1       0       0       0       000010001D    539
     110       1       0       1       0       0       0               0D    540
     124     789       0       1       0       0       0       000010001D    541
     124       1       0       1       0       0       0               0D    542
     100     790       0       1       0       0     541       000010001D    543
     100       1       0       1       0       0       0               0D    544
     110     791       0       1       0       0       0       000010001D    545
     110       1       0       1       0       0       0               0D    546
     124     792       0       1       0       0       0       000010001D    547
     124       1       0       1       0       0       0               0D    548
     100     793       0       1       0       0     547       000010001D    549
     100       1       0       1       0       0       0               0D    550
     102     794       0       1       0       0       0       000010001D    551
     102       1       0       1       0       0       0               0D    552
     142     795       0       1       0       0       0       000010001D    553
     142       1       0       1       0       0       0               0D    554
     144     796       0       1       0       0       0       000000001D    555
     144       1    -521       1       0       0       0               0D    556
     314     797       0       1       0       0       0       000010001D    557
     314       1       0       2       0       0       0               0D    558
     110     799       0       1       0       0       0       000010001D    559
     110       1       0       1       0       0       0               0D    560
     122     800       0       1       0       0       0       000010001D    561
     122       1       0       1       0       0       0               0D    562
     126     801       0       1       0       0       0       000010501D    563
     126       1       0       2       0       0       0               0D    564
     126     803       0       1       0       0       0       000010501D    565
     126       1       0       2       0       0       0               0D    566
     126     805       0       1       0       0       0       000010501D    567
     126       1       0       2       0       0       0               0D    568
     126     807       0       1       0       0       0       000010501D    569
     126       1       0       2       0       0       0               0D    570
     102     809       0       1       0       0       0       000010501D    571
     102       1       0       1       0       0       0               0D    572
     110     810       0       1       0       0       0       000010001D    573
     110       1       0       1       0       0       0               0D    574
     110     811       0       1       0       0       0       000010001D    575
     110       1       0       1       0       0       0               0D    576
     110     812       0       1       0       0       0       000010001D    577
     110       1       0       1       0       0       0               0D    578
     110     813       0       1       0       0       0       000010001D    579
     110       1       0       1       0       0       0               0D    580
     102     814       0       1       0       0       0       000010001D    581
     102       1       0       1       0       0       0               0D    582
     142     815       0       1       0       0       0       000010001D    583
     142       1       0       1       0       0       0               0D    584
     144     816       0       1       0       0       0       000000001D    585
     144       1    -557       1       0       0       0               0D    586
     314     817       0       1       0       0       0       000010001D    587
     314       1       0       2       0       0       0               0D    588
     110     819       0       1       0       0       0       000010001D    589
     110       1       0       1       0       0       0               0D    590
     110     820       0       1       0       0       0       000010001D    591
     110       1       0       1       0       0       0               0D    592
     120     821       0       1       0       0       0       000010001D    593
     120       1       0       1       0       0       0               0D    594
     126     822       0       1       0       0       0       000010501D    595
     126       1       0       2       0       0       0               0D    596
     126     824       0       1       0       0       0       000010501D    597
     126       1       0       2       0       0       0               0D    598
     126     826       0       1       0       0       0       000010501D    599
     126       1       0       2       0       0       0               0D    600
     126     828       0       1       0       0       0       000010501D    601
     126       1       0       2       0       0       0               0D    602
     126     830       0       1       0       0       0       000010501D    603
     126       1       0       2       0       0       0               0D    604
     126     832       0       1       0       0       0       000010501D    605
     126       1       0       2       0       0       0               0D    606
     126     834       0       1       0       0       0       000010501D    607
     126       1       0       2       0       0       0               0D    608
     126     836       0       1       0       0       0       000010501D    609
     126       1       0       2       0       0       0               0D    610
     102     838       0       1       0       0       0       000010501D    611
     102       1       0       1       0       0       0               0D    612
     124     839       0       1       0       0       0       000010001D    613
     124       1       0       1       0       0       0               0D    614
     100     840       0       1       0       0     613       000010001D    615
     100       1       0       1       0       0       0               0D    616
     110     841       0       1       0       0       0       000010001D    617
     110       1       0       1       0       0       0               0D    618
     124     842       0       1       0       0       0       000010001D    619
     124       1       0       1       0       0       0               0D    620
     100     843       0       1       0       0     619       000010001D    621
     100       1       0       1       0       0       0               0D    622
     110     844       0       1       0       0       0       000010001D    623
     110       1       0       1       0       0       0               0D    624
     102     845       0       1       0       0       0       000010001D    625
     102       1       0       1       0       0       0               0D    626
     142     846       0       1       0       0       0       000010001D    627
     142       1       0       1       0       0       0               0D    628
     144     847       0       1       0       0       0       000000001D    629
     144       1    -587       1       0       0       0               0D    630
     314     848       0       1       0       0       0       000010001D    631
     314       1       0       2       0       0       0               0D    632
     110     850       0       1       0       0       0       000010001D    633
     110       1       0       1       0       0       0               0D    634
     122     851       0       1       0       0       0       000010001D    635
     122       1       0       1       0       0       0               0D    636
     126     852       0       1       0       0       0       000010501D    637
     126       1       0       2       0       0       0               0D    638
     126     854       0       1       0       0       0       000010501D    639
     126       1       0       3       0       0       0               0D    640
     126     857       0       1       0       0       0       000010501D    641
     126       1       0       2       0       0       0               0D    642
     126     859       0       1       0       0       0       000010501D    643
     126       1       0       2       0       0       0               0D    644
     126     861       0       1       0       0       0       000010501D    645
     126       1       0       2       0       0       0               0D    646
     126     863       0       1       0       0       0       000010501D    647
     126       1       0      18       0       0       0               0D    648
     126     881       0       1       0       0       0       000010501D    649
     126       1       0      20       0       0       0               0D    650
     102     901       0       1       0       0       0       000010501D    651
     102       1       0       1       0       0       0               0D    652
     110     902       0       1       0       0       0       000010001D    653
     110       1       0       1       0       0       0               0D    654
     110     903       0       1       0       0       0       000010001D    655
     110       1       0       1       0       0       0               0D    656
     110     904       0       1       0       0       0       000010001D    657
     110       1       0       1       0       0       0               0D    658
     110     905       0       1       0       0       0       000010001D    659
     110       1       0       1       0       0       0               0D    660
     110     906       0       1       0       0       0       000010001D    661
     110       1       0       1       0       0       0               0D    662
     124     907       0       1       0       0       0       000010001D    663
     124       1       0       1       0       0       0               0D    664
     100     908       0       1       0       0     663       000010001D    665
     100       1       0       1       0       0       0               0D    666
     124     909       0       1       0       0       0       000010001D    667
     124       1       0       1       0       0       0               0D    668
     100     910       0       1       0       0     667       000010001D    669
     100       1       0       1       0       0       0               0D    670
     102     911       0       1       0       0       0       000010001D    671
     102       1       0       1       0       0       0               0D    672
     142     912       0       1       0       0       0       000010001D    673
     142       1       0       1       0       0       0               0D    674
     126     913       0       1       0       0       0       000010501D    675
     126       1       0      67       0       0       0               0D    676
     102     980       0       1       0       0       0       000010501D    677
     102       1       0       1       0       0       0               0D    678
     124     981       0       1       0       0       0       000010001D    679
     124       1       0       1       0       0       0               0D    680
     100     982       0       1       0       0     679       000010001D    681
     100       1       0       1       0       0       0               0D    682
     102     983       0       1       0       0       0       000010001D    683
     102       1       0       1       0       0       0               0D    684
     142     984       0       1       0       0       0       000010001D    685
     142       1       0       1       0       0       0               0D    686
     144     985       0       1       0       0       0       000000001D    687
     144       1    -631       1       0       0       0               0D    688
     314     986       0       1       0       0       0       000010001D    689
     314       1       0       2       0       0       0               0D    690
     110     988       0       1       0       0       0       000010001D    691
     110       1       0       1       0       0       0               0D    692
     122     989       0       1       0       0       0       000010001D    693
     122       1       0       1       0       0       0               0D    694
     126     990       0       1       0       0       0       000010501D    695
     126       1       0       2       0       0       0               0D    696
     126     992       0       1       0       0       0       000010501D    697
     126       1       0       2       0       0       0               0D    698
     126     994       0       1       0       0       0       000010501D    699
     126       1       0       2       0       0       0               0D    700
     126     996       0       1       0       0       0       000010501D    701
     126       1       0       2       0       0       0               0D    702
     102     998       0       1       0       0       0       000010501D    703
     102       1       0       1       0       0       0               0D    704
     110     999       0       1       0       0       0       000010001D    705
     110       1       0       1       0       0       0               0D    706
     110    1000       0       1       0       0       0       000010001D    707
     110       1       0       1       0       0       0               0D    708
     110    1001       0       1       0       0       0       000010001D    709
     110       1       0       1       0       0       0               0D    710
     110    1002       0       1       0       0       0       000010001D    711
     110       1       0       1       0       0       0               0D    712
     102    1003       0       1       0       0       0       000010001D    713
     102       1       0       1       0       0       0               0D    714
     142    1004       0       1       0       0       0       000010001D    715
     142       1       0       1       0       0       0               0D    716
     144    1005       0       1       0       0       0       000000001D    717
     144       1    -689       1       0       0       0               0D    718
     314    1006       0       1       0       0       0       000010001D    719
     314       1       0       2       0       0       0               0D    720
     110    1008       0       1       0       0       0       000010001D    721
     110       1       0       1       0       0       0               0D    722
     122    1009       0       1       0       0       0       000010001D    723
     122       1       0       1       0       0       0               0D    724
     126    1010       0       1       0       0       0       000010501D    725
     126       1       0       2       0       0       0               0D    726
     126    1012       0       1       0       0       0       000010501D    727
     126       1       0       2       0       0       0               0D    728
     126    1014       0       1       0       0       0       000010501D    729
     126       1       0       2       0       0       0               0D    730
     126    1016       0       1       0       0       0       000010501D    731
     126       1       0       2       0       0       0               0D    732
     102    1018       0       1       0       0       0       000010501D    733
     102       1       0       1       0       0       0               0D    734
     110    1019       0       1       0       0       0       000010001D    735
     110       1       0       1       0       0       0               0D    736
     110    1020       0       1       0       0       0       000010001D    737
     110       1       0       1       0       0       0               0D    738
     110    1021       0       1       0       0       0       000010001D    739
     110       1       0       1       0       0       0               0D    740
     110    1022       0       1       0       0       0       000010001D    741
     110       1       0       1       0       0       0               0D    742
     102    1023       0       1       0       0       0       000010001D    743
     102       1       0       1       0       0       0               0D    744
     142    1024       0       1       0       0       0       000010001D    745
     142       1       0       1       0       0       0               0D    746
     144    1025       0       1       0       0       0       000000001D    747
     144       1    -719       1       0       0       0               0D    748
     314    1026       0       1       0       0       0       000010001D    749
     314       1       0       2       0       0       0               0D    750
     110    1028       0       1       0       0       0       000010001D    751
     110       1       0       1       0       0       0               0D    752
     122    1029       0       1       0       0       0       000010001D    753
     122       1       0       1       0       0       0               0D    754
     126    1030       0       1       0       0       0       000010501D    755
     126       1       0       2       0       0       0               0D    756
     126    1032       0       1       0       0       0       000010501D    757
     126       1       0       2       0       0       0               0D    758
     126    1034       0       1       0       0       0       000010501D    759
     126       1       0       2       0       0       0               0D    760
     126    1036       0       1       0       0       0       000010501D    761
     126       1       0       2       0       0       0               0D    762
     102    1038       0       1       0       0       0       000010501D    763
     102       1       0       1       0       0       0               0D    764
     110    1039       0       1       0       0       0       000010001D    765
     110       1       0       1       0       0       0               0D    766
     110    1040       0       1       0       0       0       000010001D    767
     110       1       0       1       0       0       0               0D    768
     110    1041       0       1       0       0       0       000010001D    769
     110       1       0       1       0       0       0               0D    770
     110    1042       0       1       0       0       0       000010001D    771
     110       1       0       1       0       0       0               0D    772
     102    1043       0       1       0       0       0       000010001D    773
     102       1       0       1       0       0       0               0D    774
     142    1044       0       1       0       0       0       000010001D    775
     142       1       0       1       0       0       0               0D    776
     144    1045       0       1       0       0       0       000000001D    777
     144       1    -749       1       0       0       0               0D    778
     314    1046       0       1       0       0       0       000010001D    779
     314       1       0       2       0       0       0               0D    780
     110    1048       0       1       0       0       0       000010001D    781
     110       1       0       1       0       0       0               0D    782
     122    1049       0       1       0       0       0       000010001D    783
     122       1       0       1       0       0       0               0D    784
     126    1050       0       1       0       0       0       000010501D    785
     126       1       0       2       0       0       0               0D    786
     126    1052       0       1       0       0       0       000010501D    787
     126       1       0       2       0       0       0               0D    788
     126    1054       0       1       0       0       0       000010501D    789
     126       1       0       2       0       0       0               0D    790
     126    1056       0       1       0       0       0       000010501D    791
     126       1       0       2       0       0       0               0D    792
     102    1058       0       1       0       0       0       000010501D    793
     102       1       0       1       0       0       0               0D    794
     110    1059       0       1       0       0       0       000010001D    795
     110       1       0       1       0       0       0               0D    796
     110    1060       0       1       0       0       0       000010001D    797
     110       1       0       1       0       0       0               0D    798
     110    1061       0       1       0       0       0       000010001D    799
     110       1       0       1       0       0       0               0D    800
     110    1062       0       1       0       0       0       000010001D    801
     110       1       0       1       0       0       0               0D    802
     102    1063       0       1       0       0       0       000010001D    803
     102       1       0       1       0       0       0               0D    804
     142    1064       0       1       0       0       0       000010001D    805
     142       1       0       1       0       0       0               0D    806
     144    1065       0       1       0       0       0       000000001D    807
     144       1    -779       1       0       0       0               0D    808
     314    1066       0       1       0       0       0       000010001D    809
     314       1       0       2       0       0       0               0D    810
     110    1068       0       1       0       0       0       000010001D    811
     110       1       0       1       0       0       0               0D    812
     110    1069       0       1       0       0       0       000010001D    813
     110       1       0       1       0       0       0               0D    814
     120    1070       0       1       0       0       0       000010001D    815
     120       1       0       1       0       0       0               0D    816
     126    1071       0       1       0       0       0       000010501D    817
     126       1       0       4       0       0       0               0D    818
     126    1075       0       1       0       0       0       000010501D    819
     126       1       0       2       0       0       0               0D    820
     126    1077       0       1       0       0       0       000010501D    821
     126       1       0       4       0       0       0               0D    822
     126    1081       0       1       0       0       0       000010501D    823
     126       1       0       3       0       0       0               0D    824
     102    1084       0       1       0       0       0       000010501D    825
     102       1       0       1       0       0       0               0D    826
     124    1085       0       1       0       0       0       000010001D    827
     124       1       0       1       0       0       0               0D    828
     100    1086       0       1       0       0     827       000010001D    829
     100       1       0       1       0       0       0               0D    830
     110    1087       0       1       0       0       0       000010001D    831
     110       1       0       1       0       0       0               0D    832
     124    1088       0       1       0       0       0       000010001D    833
     124       1       0       1       0       0       0               0D    834
     100    1089       0       1       0       0     833       000010001D    835
     100       1       0       1       0       0       0               0D    836
     110    1090       0       1       0       0       0       000010001D    837
     110       1       0       1       0       0       0               0D    838
     102    1091       0       1       0       0       0       000010001D    839
     102       1       0       1       0       0       0               0D    840
     142    1092       0       1       0       0       0       000010001D    841
     142       1       0       1       0       0       0               0D    842
     144    1093       0       1       0       0       0       000000001D    843
     144       1    -809       1       0       0       0               0D    844
314,61.5686297416687,81.17647171020508,92.9411768913269,10HMixed       1P      1
Color;                                                                 1P      2
110,-0.0075,0.065,-0.0225,-0.0075,0.065,-1.0225;                       3P      3
110,-0.0075,0.085,-0.0475,-0.0075,0.085,-0.0225;                       5P      4
120,3,5,0.,6.28318530717959;                                           7P      5
126,1,1,1,0,1,0,4.71238898038469,4.71238898038469,                     9P      6
6.28318530717959,6.28318530717959,1.,1.,1.,4.71238898038469,0.,        9P      7
1.,6.28318530717959,0.,4.71238898038469,6.28318530717959,0.,0.,        9P      8
1.;                                                                    9P      9
126,1,1,1,0,1,0,0.,0.,0.025,0.025,1.,1.,1.,6.28318530717959,0.,       11P     10
0.,6.28318530717959,0.,0.,0.025,0.,0.,1.;                             11P     11
126,1,1,1,0,1,0,-6.28318530717959,-6.28318530717959,                  13P     12
-4.71238898038469,-4.71238898038469,1.,1.,0.,6.28318530717959,        13P     13
0.,0.,4.71238898038469,0.,-6.28318530717959,-4.71238898038469,        13P     14
0.,0.,1.;                                                             13P     15
126,1,1,1,0,1,0,-0.025,-0.025,0.,0.,1.,1.,0.,4.71238898038469,        15P     16
0.,1.,4.71238898038469,0.,-0.025,0.,0.,0.,1.;                         15P     17
102,4,9,11,13,15;                                                     17P     18
124,0.,1.,0.,-0.0075,1.,0.,0.,0.065,0.,0.,-1.,-0.0225;                19P     19
100,0.,0.,0.,-0.,-0.02,0.02,-0.;                                      21P     20
110,-0.0075,0.085,-0.0225,-0.0075,0.085,-0.0475;                      23P     21
124,0.,-1.,0.,-0.0075,1.,0.,0.,0.065,0.,0.,1.,-0.0475;                25P     22
100,0.,0.,0.,0.02,0.,-0.,0.02;                                        27P     23
110,-0.0275,0.065,-0.0475,-0.0275,0.065,-0.0225;                      29P     24
102,4,21,23,27,29;                                                    31P     25
142,1,7,17,31,2;                                                      33P     26
144,7,1,0,33;                                                         35P     27
314,61.5686297416687,81.17647171020508,92.9411768913269,10HMixed      37P     28
Color;                                                                37P     29
110,-0.0155,0.053246,0.0475,-0.0155,0.012,0.0475;                     39P     30
122,39,-0.0155,0.053246,-0.0225;                                      41P     31
126,1,1,1,0,1,0,-0.033,-0.033,0.008,0.008,1.,1.,1.,1.,0.,             43P     32
0.00596421471173,1.,0.,-0.033,0.008,0.,0.,1.;                         43P     33
126,16,2,1,0,1,0,1.5707963267949,1.5707963267949,                     45P     34
1.5707963267949,1.76714586764426,1.76714586764426,                    45P     35
1.96349540849362,1.96349540849362,2.15984494934298,                   45P     36
2.15984494934298,2.35619449019234,2.35619449019234,                   45P     37
2.55254403104171,2.55254403104171,2.74889357189107,                   45P     38
2.74889357189107,2.94524311274043,2.94524311274043,                   45P     39
3.14159265358979,3.14159265358979,3.14159265358979,1.,1.,1.,1.,       45P     40
1.,1.,1.,1.,1.,1.,1.,1.,1.,1.,1.,1.,1.,0.00596421471173,1.,0.,        45P     41
0.02506743022008,1.,0.,0.04380358279904,0.99780403204608,0.,          45P     42
0.06253973537799,0.99560806409217,0.,0.08018880519131,                45P     43
0.99130051800129,0.,0.09783787500462,0.98699297191041,0.,             45P     44
0.11372161819708,0.98073938426315,0.,0.12960536138954,                45P     45
0.97448579661588,0.,0.14311337461796,0.96652648927846,0.,             45P     46
0.15662138784638,0.95856718194104,0.,0.16723456573778,                45P     47
0.94920802663081,0.,0.17784774362917,0.93984887132058,0.,             45P     48
0.18515822770912,0.92944953512744,0.,0.19246871178906,                45P     49
0.9190501989343,0.,0.19619556425413,0.90801032251613,0.,              45P     50
0.1999224167192,0.89697044609796,0.,0.1999224167192,                  45P     51
0.88571428571429,0.,1.5707963267949,3.14159265358979,0.,0.,1.;        45P     52
126,1,1,1,0,1,0,-0.0145,-0.0145,0.0475,0.0475,1.,1.,                  47P     53
0.1999224167192,0.88571428571429,0.,0.1999224167192,0.,0.,            47P     54
-0.0145,0.0475,0.,0.,1.;                                              47P     55
126,1,1,1,0,1,0,0.,0.,0.033,0.033,1.,1.,0.1999224167192,0.,0.,        49P     56
1.,0.,0.,0.,0.033,0.,0.,1.;                                           49P     57
126,1,1,1,0,1,0,-0.0475,-0.0475,0.0225,0.0225,1.,1.,1.,0.,0.,1.,      51P     58
1.,0.,-0.0475,0.0225,0.,0.,1.;                                        51P     59
102,5,43,45,47,49,51;                                                 53P     60
110,-0.0155,0.012,-0.0225,-0.0155,0.053,-0.0225;                      55P     61
124,0.,0.,-1.,-0.0155,1.,0.,0.,0.053,0.,-1.,0.,-0.0145;               57P     62
100,0.,0.,0.,0.,0.008,-0.008,0.;                                      59P     63
110,-0.0155,0.045,-0.0145,-0.0155,0.045,0.0475;                       61P     64
110,-0.0155,0.045,0.0475,-0.0155,0.012,0.0475;                        63P     65
110,-0.0155,0.012,0.0475,-0.0155,0.012,-0.0225;                       65P     66
102,5,55,59,61,63,65;                                                 67P     67
142,1,41,53,67,2;                                                     69P     68
126,64,2,1,1,1,1,-6.28318530717959,-6.28318530717959,                 71P     69
-6.28318530717959,-6.08683576633022,-6.08683576633022,                71P     70
-5.89048622548086,-5.89048622548086,-5.6941366846315,                 71P     71
-5.6941366846315,-5.49778714378214,-5.49778714378214,                 71P     72
-5.30143760293278,-5.30143760293278,-5.10508806208341,                71P     73
-5.10508806208341,-4.90873852123405,-4.90873852123405,                71P     74
-4.71238898038469,-4.71238898038469,-4.51603943953533,                71P     75
-4.51603943953533,-4.31968989868597,-4.31968989868597,                71P     76
-4.1233403578366,-4.1233403578366,-3.92699081698724,                  71P     77
-3.92699081698724,-3.73064127613788,-3.73064127613788,                71P     78
-3.53429173528852,-3.53429173528852,-3.33794219443916,                71P     79
-3.33794219443916,-3.14159265358979,-3.14159265358979,                71P     80
-2.94524311274043,-2.94524311274043,-2.74889357189107,                71P     81
-2.74889357189107,-2.55254403104171,-2.55254403104171,                71P     82
-2.35619449019234,-2.35619449019234,-2.15984494934298,                71P     83
-2.15984494934298,-1.96349540849362,-1.96349540849362,                71P     84
-1.76714586764426,-1.76714586764426,-1.5707963267949,                 71P     85
-1.5707963267949,-1.37444678594553,-1.37444678594553,                 71P     86
-1.17809724509617,-1.17809724509617,-0.98174770424681,                71P     87
-0.98174770424681,-0.78539816339745,-0.78539816339745,                71P     88
-0.58904862254809,-0.58904862254809,-0.39269908169872,                71P     89
-0.39269908169872,-0.19634954084936,-0.19634954084936,0.,0.,0.,       71P     90
1.,1.,1.,1.,1.,1.,1.,1.,1.,1.,1.,1.,1.,1.,1.,1.,1.,1.,1.,1.,1.,       71P     91
1.,1.,1.,1.,1.,1.,1.,1.,1.,1.,1.,1.,1.,1.,1.,1.,1.,1.,1.,1.,1.,       71P     92
1.,1.,1.,1.,1.,1.,1.,1.,1.,1.,1.,1.,1.,1.,1.,1.,1.,1.,1.,1.,1.,       71P     93
1.,1.,0.8545313484944,0.74285714285714,0.,0.8545313484944,            71P     94
0.73441502256939,0.,0.8517362091456,0.72613511525576,0.,              71P     95
0.8489410697968,0.71785520794213,0.,0.84345820673684,                 71P     96
0.71005570579728,0.,0.83797534367688,0.70225620365242,0.,             71P     97
0.83001546025833,0.69523683716975,0.,0.82205557683979,                71P     98
0.68821747068708,0.,0.81192456691847,0.68224799018401,0.,             71P     99
0.80179355699716,0.67627850968094,0.,0.78988074960281,                71P    100
0.6715883189455,0.,0.77796794220847,0.66689812821005,0.,              71P    101
0.76473113984848,0.66366746864189,0.,0.7514943374885,                 71P    102
0.66043680907373,0.,0.73744222305428,0.65878983310829,0.,             71P    103
0.72339010862006,0.65714285714286,0.,0.7090626969888,                 71P    104
0.65714285714286,0.,0.69473528535754,0.65714285714286,0.,             71P    105
0.68068317092332,0.65878983310829,0.,0.6666310564891,                 71P    106
0.66043680907373,0.,0.65339425412911,0.66366746864189,0.,             71P    107
0.64015745176913,0.66689812821005,0.,0.62824464437479,                71P    108
0.6715883189455,0.,0.61633183698044,0.67627850968094,0.,              71P    109
0.60620082705913,0.68224799018401,0.,0.59606981713781,                71P    110
0.68821747068708,0.,0.58810993371926,0.69523683716975,0.,             71P    111
0.58015005030072,0.70225620365242,0.,0.57466718724076,                71P    112
0.71005570579728,0.,0.5691843241808,0.71785520794213,0.,              71P    113
0.566389184832,0.72613511525576,0.,0.5635940454832,                   71P    114
0.73441502256939,0.,0.5635940454832,0.74285714285714,0.,              71P    115
0.5635940454832,0.7512992631449,0.,0.566389184832,                    71P    116
0.75957917045853,0.,0.5691843241808,0.76785907777215,0.,              71P    117
0.57466718724076,0.77565857991701,0.,0.58015005030072,                71P    118
0.78345808206186,0.,0.58810993371926,0.79047744854454,0.,             71P    119
0.59606981713781,0.79749681502721,0.,0.60620082705913,                71P    120
0.80346629553028,0.,0.61633183698044,0.80943577603334,0.,             71P    121
0.62824464437479,0.81412596676879,0.,0.64015745176913,                71P    122
0.81881615750424,0.,0.65339425412911,0.8220468170724,0.,              71P    123
0.6666310564891,0.82527747664055,0.,0.68068317092332,                 71P    124
0.82692445260599,0.,0.69473528535754,0.82857142857143,0.,             71P    125
0.7090626969888,0.82857142857143,0.,0.72339010862006,                 71P    126
0.82857142857143,0.,0.73744222305428,0.82692445260599,0.,             71P    127
0.7514943374885,0.82527747664055,0.,0.76473113984848,                 71P    128
0.8220468170724,0.,0.77796794220847,0.81881615750424,0.,              71P    129
0.78988074960281,0.81412596676879,0.,0.80179355699716,                71P    130
0.80943577603334,0.,0.81192456691847,0.80346629553028,0.,             71P    131
0.82205557683979,0.79749681502721,0.,0.83001546025833,                71P    132
0.79047744854454,0.,0.83797534367688,0.78345808206186,0.,             71P    133
0.84345820673684,0.77565857991701,0.,0.8489410697968,                 71P    134
0.76785907777215,0.,0.8517362091456,0.75957917045853,0.,              71P    135
0.8545313484944,0.7512992631449,0.,0.8545313484944,                   71P    136
0.74285714285714,0.,-6.28318530717959,0.,0.,0.,1.;                    71P    137
102,1,71;                                                             73P    138
124,0.,0.,-1.,-0.0155,-1.,0.,0.,0.024,0.,1.,0.,-0.0045;               75P    139
100,0.,0.,0.,0.006,0.,0.006,0.;                                       77P    140
102,1,77;                                                             79P    141
142,1,41,73,79,2;                                                     81P    142
126,64,2,1,1,1,1,-6.28318530717959,-6.28318530717959,                 83P    143
-6.28318530717959,-6.08683576633022,-6.08683576633022,                83P    144
-5.89048622548086,-5.89048622548086,-5.6941366846315,                 83P    145
-5.6941366846315,-5.49778714378214,-5.49778714378214,                 83P    146
-5.30143760293278,-5.30143760293278,-5.10508806208341,                83P    147
-5.10508806208341,-4.90873852123405,-4.90873852123405,                83P    148
-4.71238898038469,-4.71238898038469,-4.51603943953533,                83P    149
-4.51603943953533,-4.31968989868597,-4.31968989868597,                83P    150
-4.1233403578366,-4.1233403578366,-3.92699081698724,                  83P    151
-3.92699081698724,-3.73064127613788,-3.73064127613788,                83P    152
-3.53429173528852,-3.53429173528852,-3.33794219443916,                83P    153
-3.33794219443916,-3.14159265358979,-3.14159265358979,                83P    154
-2.94524311274043,-2.94524311274043,-2.74889357189107,                83P    155
-2.74889357189107,-2.55254403104171,-2.55254403104171,                83P    156
-2.35619449019234,-2.35619449019234,-2.15984494934298,                83P    157
-2.15984494934298,-1.96349540849362,-1.96349540849362,                83P    158
-1.76714586764426,-1.76714586764426,-1.5707963267949,                 83P    159
-1.5707963267949,-1.37444678594553,-1.37444678594553,                 83P    160
-1.17809724509617,-1.17809724509617,-0.98174770424681,                83P    161
-0.98174770424681,-0.78539816339745,-0.78539816339745,                83P    162
-0.58904862254809,-0.58904862254809,-0.39269908169872,                83P    163
-0.39269908169872,-0.19634954084936,-0.19634954084936,0.,0.,0.,       83P    164
1.,1.,1.,1.,1.,1.,1.,1.,1.,1.,1.,1.,1.,1.,1.,1.,1.,1.,1.,1.,1.,       83P    165
1.,1.,1.,1.,1.,1.,1.,1.,1.,1.,1.,1.,1.,1.,1.,1.,1.,1.,1.,1.,1.,       83P    166
1.,1.,1.,1.,1.,1.,1.,1.,1.,1.,1.,1.,1.,1.,1.,1.,1.,1.,1.,1.,1.,       83P    167
1.,1.,0.8545313484944,0.21428571428571,0.,0.8545313484944,            83P    168
0.20584359399796,0.,0.8517362091456,0.19756368668433,0.,              83P    169
0.8489410697968,0.18928377937071,0.,0.84345820673684,                 83P    170
0.18148427722585,0.,0.83797534367688,0.17368477508099,0.,             83P    171
0.83001546025833,0.16666540859832,0.,0.82205557683979,                83P    172
0.15964604211565,0.,0.81192456691847,0.15367656161258,0.,             83P    173
0.80179355699716,0.14770708110952,0.,0.78988074960281,                83P    174
0.14301689037407,0.,0.77796794220847,0.13832669963862,0.,             83P    175
0.76473113984848,0.13509604007046,0.,0.7514943374885,                 83P    176
0.1318653805023,0.,0.73744222305428,0.13021840453687,0.,              83P    177
0.72339010862006,0.12857142857143,0.,0.7090626969888,                 83P    178
0.12857142857143,0.,0.69473528535754,0.12857142857143,0.,             83P    179
0.68068317092332,0.13021840453687,0.,0.6666310564891,                 83P    180
0.1318653805023,0.,0.65339425412911,0.13509604007046,0.,              83P    181
0.64015745176913,0.13832669963862,0.,0.62824464437479,                83P    182
0.14301689037407,0.,0.61633183698044,0.14770708110952,0.,             83P    183
0.60620082705913,0.15367656161258,0.,0.59606981713781,                83P    184
0.15964604211565,0.,0.58810993371926,0.16666540859832,0.,             83P    185
0.58015005030072,0.17368477508099,0.,0.57466718724076,                83P    186
0.18148427722585,0.,0.5691843241808,0.18928377937071,0.,              83P    187
0.566389184832,0.19756368668433,0.,0.5635940454832,                   83P    188
0.20584359399796,0.,0.5635940454832,0.21428571428571,0.,              83P    189
0.5635940454832,0.22272783457347,0.,0.566389184832,                   83P    190
0.2310077418871,0.,0.5691843241808,0.23928764920072,0.,               83P    191
0.57466718724076,0.24708715134558,0.,0.58015005030072,                83P    192
0.25488665349044,0.,0.58810993371926,0.26190601997311,0.,             83P    193
0.59606981713781,0.26892538645578,0.,0.60620082705913,                83P    194
0.27489486695885,0.,0.61633183698044,0.28086434746191,0.,             83P    195
0.62824464437479,0.28555453819736,0.,0.64015745176913,                83P    196
0.29024472893281,0.,0.65339425412911,0.29347538850097,0.,             83P    197
0.6666310564891,0.29670604806913,0.,0.68068317092332,                 83P    198
0.29835302403456,0.,0.69473528535754,0.3,0.,0.7090626969888,0.3,      83P    199
0.,0.72339010862006,0.3,0.,0.73744222305428,0.29835302403456,0.,      83P    200
0.7514943374885,0.29670604806913,0.,0.76473113984848,                 83P    201
0.29347538850097,0.,0.77796794220847,0.29024472893281,0.,             83P    202
0.78988074960281,0.28555453819736,0.,0.80179355699716,                83P    203
0.28086434746191,0.,0.81192456691847,0.27489486695885,0.,             83P    204
0.82205557683979,0.26892538645578,0.,0.83001546025833,                83P    205
0.26190601997311,0.,0.83797534367688,0.25488665349044,0.,             83P    206
0.84345820673684,0.24708715134558,0.,0.8489410697968,                 83P    207
0.23928764920072,0.,0.8517362091456,0.2310077418871,0.,               83P    208
0.8545313484944,0.22272783457347,0.,0.8545313484944,                  83P    209
0.21428571428571,0.,-6.28318530717959,0.,0.,0.,1.;                    83P    210
102,1,83;                                                             85P    211
124,0.,0.,-1.,-0.0155,-1.,0.,0.,0.024,0.,1.,0.,0.0325;                87P    212
100,0.,0.,0.,0.006,0.,0.006,0.;                                       89P    213
102,1,89;                                                             91P    214
142,1,41,85,91,2;                                                     93P    215
144,41,1,2,69,81,93;                                                  95P    216
314,61.5686297416687,81.17647171020508,92.9411768913269,10HMixed      97P    217
Color;                                                                97P    218
110,-0.0275,0.045,0.0475,-0.0155,0.045,0.0475;                        99P    219
122,99,-0.0275,0.045,-0.0145;                                        101P    220
126,1,1,1,0,1,0,-0.0475,-0.0475,0.0145,0.0145,1.,1.,1.,0.,0.,1.,     103P    221
1.,0.,-0.0475,0.0145,0.,0.,1.;                                       103P    222
126,1,1,1,0,1,0,0.0155,0.0155,0.0275,0.0275,1.,1.,1.,1.,0.,0.,       105P    223
1.,0.,0.0155,0.0275,0.,0.,1.;                                        105P    224
126,1,1,1,0,1,0,-0.0145,-0.0145,0.0475,0.0475,1.,1.,0.,1.,0.,0.,     107P    225
0.,0.,-0.0145,0.0475,0.,0.,1.;                                       107P    226
126,1,1,1,0,1,0,-0.006,-0.006,0.006,0.006,1.,1.,0.,0.,0.,1.,0.,      109P    227
0.,-0.006,0.006,0.,0.,1.;                                            109P    228
102,4,103,105,107,109;                                               111P    229
110,-0.0155,0.045,0.0475,-0.0155,0.045,-0.0145;                      113P    230
110,-0.0155,0.045,-0.0145,-0.0275,0.045,-0.0145;                     115P    231
110,-0.0275,0.045,-0.0145,-0.0275,0.045,0.0475;                      117P    232
110,-0.0275,0.045,0.0475,-0.0155,0.045,0.0475;                       119P    233
102,4,113,115,117,119;                                               121P    234
142,1,101,111,121,2;                                                 123P    235
144,101,1,0,123;                                                     125P    236
314,61.5686297416687,81.17647171020508,92.9411768913269,10HMixed     127P    237
Color;                                                               127P    238
110,-0.0155,0.012,0.0475,0.0275,0.012,0.0475;                        129P    239
122,129,-0.0155,0.012,-0.0475;                                       131P    240
126,1,1,1,0,1,0,-0.025,-0.025,0.,0.,1.,1.,0.65116279069767,1.,       133P    241
0.,0.65116279069767,0.73684210526316,0.,-0.025,0.,0.,0.,1.;          133P    242
126,1,1,1,0,1,0,-0.0065,-0.0065,0.0215,0.0215,1.,1.,                 135P    243
0.65116279069767,0.73684210526316,0.,0.,0.73684210526316,0.,         135P    244
-0.0065,0.0215,0.,0.,1.;                                             135P    245
126,1,1,1,0,1,0,-0.0225,-0.0225,0.0475,0.0475,1.,1.,0.,              137P    246
0.73684210526316,0.,0.,0.,0.,-0.0225,0.0475,0.,0.,1.;                137P    247
126,1,1,1,0,1,0,-0.0215,-0.0215,0.0215,0.0215,1.,1.,0.,0.,0.,1.,     139P    248
0.,0.,-0.0215,0.0215,0.,0.,1.;                                       139P    249
126,1,1,1,0,1,0,-0.0475,-0.0475,0.0475,0.0475,1.,1.,1.,0.,0.,1.,     141P    250
1.,0.,-0.0475,0.0475,0.,0.,1.;                                       141P    251
126,1,1,1,0,1,0,-0.0215,-0.0215,-0.0065,-0.0065,1.,1.,1.,1.,0.,      143P    252
0.65116279069767,1.,0.,-0.0215,-0.0065,0.,0.,1.;                     143P    253
102,6,133,135,137,139,141,143;                                       145P    254
110,0.0125,0.012,-0.0475,0.0125,0.012,-0.0225;                       147P    255
110,0.0125,0.012,-0.0225,-0.0155,0.012,-0.0225;                      149P    256
110,-0.0155,0.012,-0.0225,-0.0155,0.012,0.0475;                      151P    257
110,-0.0155,0.012,0.0475,0.0275,0.012,0.0475;                        153P    258
110,0.0275,0.012,0.0475,0.0275,0.012,-0.0475;                        155P    259
110,0.0275,0.012,-0.0475,0.0125,0.012,-0.0475;                       157P    260
102,6,147,149,151,153,155,157;                                       159P    261
142,1,131,145,159,2;                                                 161P    262
126,1,1,1,0,1,0,-0.01,-0.01,0.01,0.01,1.,1.,0.11627906976744,        163P    263
0.6,0.,0.58139534883721,0.6,0.,-0.01,0.01,0.,0.,1.;                  163P    264
126,1,1,1,0,1,0,-0.0185,-0.0185,0.0185,0.0185,1.,1.,                 165P    265
0.58139534883721,0.6,0.,0.58139534883721,0.21052631578947,0.,        165P    266
-0.0185,0.0185,0.,0.,1.;                                             165P    267
126,1,1,1,0,1,0,-0.01,-0.01,0.01,0.01,1.,1.,0.58139534883721,        167P    268
0.21052631578947,0.,0.11627906976744,0.21052631578947,0.,-0.01,      167P    269
0.01,0.,0.,1.;                                                       167P    270
126,1,1,1,0,1,0,-0.0185,-0.0185,0.0185,0.0185,1.,1.,                 169P    271
0.11627906976744,0.21052631578947,0.,0.11627906976744,0.6,0.,        169P    272
-0.0185,0.0185,0.,0.,1.;                                             169P    273
102,4,163,165,167,169;                                               171P    274
110,-0.0105,0.012,-0.0095,0.0095,0.012,-0.0095;                      173P    275
110,0.0095,0.012,-0.0095,0.0095,0.012,0.0275;                        175P    276
110,0.0095,0.012,0.0275,-0.0105,0.012,0.0275;                        177P    277
110,-0.0105,0.012,0.0275,-0.0105,0.012,-0.0095;                      179P    278
102,4,173,175,177,179;                                               181P    279
142,1,131,171,181,2;                                                 183P    280
144,131,1,1,161,183;                                                 185P    281
314,61.5686297416687,81.17647171020508,92.9411768913269,10HMixed     187P    282
Color;                                                               187P    283
110,-0.0275,0.045,0.0475,-0.0275,0.,0.0475;                          189P    284
122,189,0.0275,0.045,0.0475;                                         191P    285
126,1,1,1,0,1,0,-0.033,-0.033,0.012,0.012,1.,1.,-0.,0.,0.,1.,0.,     193P    286
0.,-0.033,0.012,0.,0.,1.;                                            193P    287
126,1,1,1,0,1,0,-0.0335,-0.0335,0.0215,0.0215,1.,1.,1.,0.,0.,1.,     195P    288
1.,0.,-0.0335,0.0215,0.,0.,1.;                                       195P    289
126,1,1,1,0,1,0,-0.012,-0.012,0.,0.,1.,1.,1.,1.,0.,                  197P    290
0.73333333333333,1.,0.,-0.012,0.,0.,0.,1.;                           197P    291
126,1,1,1,0,1,0,-0.0215,-0.0215,0.0215,0.0215,1.,1.,                 199P    292
0.73333333333333,1.,0.,0.73333333333333,0.21818181818182,0.,         199P    293
-0.0215,0.0215,0.,0.,1.;                                             199P    294
126,1,1,1,0,1,0,-0.033,-0.033,0.,0.,1.,1.,0.73333333333333,          201P    295
0.21818181818182,0.,-0.,0.21818181818182,0.,-0.033,0.,0.,0.,1.;      201P    296
126,1,1,1,0,1,0,-0.006,-0.006,0.006,0.006,1.,1.,-0.,                 203P    297
0.21818181818182,0.,-0.,0.,0.,-0.006,0.006,0.,0.,1.;                 203P    298
102,6,193,195,197,199,201,203;                                       205P    299
110,-0.0275,0.045,0.0475,-0.0275,0.,0.0475;                          207P    300
110,-0.0275,0.,0.0475,0.0275,0.,0.0475;                              209P    301
110,0.0275,0.,0.0475,0.0275,0.012,0.0475;                            211P    302
110,0.0275,0.012,0.0475,-0.0155,0.012,0.0475;                        213P    303
110,-0.0155,0.012,0.0475,-0.0155,0.045,0.0475;                       215P    304
110,-0.0155,0.045,0.0475,-0.0275,0.045,0.0475;                       217P    305
102,6,207,209,211,213,215,217;                                       219P    306
142,1,191,205,219,2;                                                 221P    307
144,191,1,0,221;                                                     223P    308
314,61.5686297416687,81.17647171020508,92.9411768913269,10HMixed     225P    309
Color;                                                               225P    310
110,0.0275,0.,0.0475,0.0275,0.,-0.0475;                              227P    311
122,227,0.0275,0.012,0.0475;                                         229P    312
126,1,1,1,0,1,0,-0.0475,-0.0475,0.0475,0.0475,1.,1.,0.,-0.,0.,       231P    313
1.,-0.,0.,-0.0475,0.0475,0.,0.,1.;                                   231P    314
126,1,1,1,0,1,0,-0.012,-0.012,0.,0.,1.,1.,1.,-0.,0.,1.,1.,0.,        233P    315
-0.012,0.,0.,0.,1.;                                                  233P    316
126,1,1,1,0,1,0,-0.0475,-0.0475,0.0475,0.0475,1.,1.,1.,1.,0.,0.,     235P    317
1.,0.,-0.0475,0.0475,0.,0.,1.;                                       235P    318
126,1,1,1,0,1,0,0.,0.,0.012,0.012,1.,1.,0.,1.,0.,0.,-0.,0.,0.,       237P    319
0.012,0.,0.,1.;                                                      237P    320
102,4,231,233,235,237;                                               239P    321
110,0.0275,0.,0.0475,0.0275,0.,-0.0475;                              241P    322
110,0.0275,0.,-0.0475,0.0275,0.012,-0.0475;                          243P    323
110,0.0275,0.012,-0.0475,0.0275,0.012,0.0475;                        245P    324
110,0.0275,0.012,0.0475,0.0275,0.,0.0475;                            247P    325
102,4,241,243,245,247;                                               249P    326
142,1,229,239,249,2;                                                 251P    327
144,229,1,0,251;                                                     253P    328
314,61.5686297416687,81.17647171020508,92.9411768913269,10HMixed     255P    329
Color;                                                               255P    330
110,-0.0275,0.,-0.0475,-0.0275,0.08551,-0.0475;                      257P    331
122,257,0.0275,0.,-0.0475;                                           259P    332
126,1,1,1,0,1,0,-0.012,-0.012,0.053,0.053,1.,1.,-0.,0.,0.,           261P    333
0.76014501227927,0.,0.,-0.012,0.053,0.,0.,1.;                        261P    334
126,16,2,1,0,1,0,4.71238898038469,4.71238898038469,                  263P    335
4.71238898038469,4.90873852123405,4.90873852123405,                  263P    336
5.10508806208341,5.10508806208341,5.30143760293278,                  263P    337
5.30143760293278,5.49778714378214,5.49778714378214,                  263P    338
5.6941366846315,5.6941366846315,5.89048622548086,                    263P    339
5.89048622548086,6.08683576633022,6.08683576633022,                  263P    340
6.28318530717959,6.28318530717959,6.28318530717959,1.,1.,1.,1.,      263P    341
1.,1.,1.,1.,1.,1.,1.,1.,1.,1.,1.,1.,1.,0.76014501227927,0.,0.,       263P    342
0.78318124274521,0.,0.,0.80577483850219,0.00698717076246,0.,         263P    343
0.82836843425917,0.01397434152492,0.,0.84965113609288,               263P    344
0.0276801699959,0.,0.87093383792658,0.04138599846687,0.,             263P    345
0.89008776354101,0.06128377734453,0.,0.90924168915545,               263P    346
0.08118155622219,0.,0.9255307639309,0.10650662502307,0.,             263P    347
0.94181983870635,0.13183169382396,0.,0.95461808263421,               263P    348
0.16161082435651,0.,0.96741632656207,0.19138995488906,0.,            263P    349
0.97623191030553,0.22447875186724,0.,0.98504749404899,               263P    350
0.25756754884542,0.,0.98954163966863,0.29269442835777,0.,            263P    351
0.99403578528827,0.32782130787012,0.,0.99403578528827,               263P    352
0.36363636363636,0.,4.71238898038469,6.28318530717959,0.,0.,1.;      263P    353
126,16,2,1,0,1,0,0.,0.,0.,0.19634954084936,0.19634954084936,         265P    354
0.39269908169872,0.39269908169872,0.58904862254809,                  265P    355
0.58904862254809,0.78539816339745,0.78539816339745,                  265P    356
0.98174770424681,0.98174770424681,1.17809724509617,                  265P    357
1.17809724509617,1.37444678594553,1.37444678594553,                  265P    358
1.5707963267949,1.5707963267949,1.5707963267949,1.,1.,1.,1.,1.,      265P    359
1.,1.,1.,1.,1.,1.,1.,1.,1.,1.,1.,1.,0.99403578528827,                265P    360
0.36363636363636,0.,0.99403578528827,0.3994514194026,0.,             265P    361
0.98954163966863,0.43457829891496,0.,0.98504749404899,               265P    362
0.46970517842731,0.,0.97623191030553,0.50279397540549,0.,            265P    363
0.96741632656207,0.53588277238367,0.,0.95461808263421,               265P    364
0.56566190291622,0.,0.94181983870635,0.59544103344877,0.,            265P    365
0.9255307639309,0.62076610224965,0.,0.90924168915545,                265P    366
0.64609117105054,0.,0.89008776354101,0.6659889499282,0.,             265P    367
0.87093383792658,0.68588672880586,0.,0.84965113609288,               265P    368
0.69959255727683,0.,0.82836843425917,0.7132983857478,0.,             265P    369
0.80577483850219,0.72028555651027,0.,0.78318124274521,               265P    370
0.72727272727273,0.,0.76014501227927,0.72727272727273,0.,0.,         265P    371
1.5707963267949,0.,0.,1.;                                            265P    372
126,1,1,1,0,1,0,-0.0265,-0.0265,0.0265,0.0265,1.,1.,                 267P    373
0.76014501227927,0.72727272727273,0.,0.1403344638054,                267P    374
0.72727272727273,0.,-0.0265,0.0265,0.,0.,1.;                         267P    375
126,1,1,1,0,1,0,0.0065,0.0065,0.0215,0.0215,1.,1.,                   269P    376
0.1403344638054,0.72727272727273,0.,0.1403344638054,1.,0.,           269P    377
0.0065,0.0215,0.,0.,1.;                                              269P    378
126,1,1,1,0,1,0,0.,0.,0.012,0.012,1.,1.,0.1403344638054,1.,0.,       271P    379
-0.,1.,0.,0.,0.012,0.,0.,1.;                                         271P    380
126,1,1,1,0,1,0,-0.0215,-0.0215,0.0335,0.0335,1.,1.,-0.,1.,0.,       273P    381
-0.,0.,0.,-0.0215,0.0335,0.,0.,1.;                                   273P    382
102,7,261,263,265,267,269,271,273;                                   275P    383
110,-0.0275,0.,-0.0475,-0.0275,0.065,-0.0475;                        277P    384
124,0.,1.,0.,-0.0075,1.,0.,0.,0.065,0.,0.,-1.,-0.0475;               279P    385
100,0.,0.,0.,-0.,-0.02,0.02,-0.;                                     281P    386
124,0.,1.,0.,-0.0075,1.,0.,0.,0.065,0.,0.,-1.,-0.0475;               283P    387
100,0.,0.,0.,0.02,0.,0.,0.02;                                        285P    388
110,0.0125,0.065,-0.0475,0.0125,0.012,-0.0475;                       287P    389
110,0.0125,0.012,-0.0475,0.0275,0.012,-0.0475;                       289P    390
110,0.0275,0.012,-0.0475,0.0275,0.,-0.0475;                          291P    391
110,0.0275,0.,-0.0475,-0.0275,0.,-0.0475;                            293P    392
102,7,277,281,285,287,289,291,293;                                   295P    393
142,1,259,275,295,2;                                                 297P    394
126,64,2,1,1,1,1,-6.28318530717959,-6.28318530717959,                299P    395
-6.28318530717959,-6.08683576633022,-6.08683576633022,               299P    396
-5.89048622548086,-5.89048622548086,-5.6941366846315,                299P    397
-5.6941366846315,-5.49778714378214,-5.49778714378214,                299P    398
-5.30143760293278,-5.30143760293278,-5.10508806208341,               299P    399
-5.10508806208341,-4.90873852123405,-4.90873852123405,               299P    400
-4.71238898038469,-4.71238898038469,-4.51603943953533,               299P    401
-4.51603943953533,-4.31968989868597,-4.31968989868597,               299P    402
-4.1233403578366,-4.1233403578366,-3.92699081698724,                 299P    403
-3.92699081698724,-3.73064127613788,-3.73064127613788,               299P    404
-3.53429173528852,-3.53429173528852,-3.33794219443916,               299P    405
-3.33794219443916,-3.14159265358979,-3.14159265358979,               299P    406
-2.94524311274043,-2.94524311274043,-2.74889357189107,               299P    407
-2.74889357189107,-2.55254403104171,-2.55254403104171,               299P    408
-2.35619449019234,-2.35619449019234,-2.15984494934298,               299P    409
-2.15984494934298,-1.96349540849362,-1.96349540849362,               299P    410
-1.76714586764426,-1.76714586764426,-1.5707963267949,                299P    411
-1.5707963267949,-1.37444678594553,-1.37444678594553,                299P    412
-1.17809724509617,-1.17809724509617,-0.98174770424681,               299P    413
-0.98174770424681,-0.78539816339745,-0.78539816339745,               299P    414
-0.58904862254809,-0.58904862254809,-0.39269908169872,               299P    415
-0.39269908169872,-0.19634954084936,-0.19634954084936,0.,0.,0.,      299P    416
1.,1.,1.,1.,1.,1.,1.,1.,1.,1.,1.,1.,1.,1.,1.,1.,1.,1.,1.,1.,1.,      299P    417
1.,1.,1.,1.,1.,1.,1.,1.,1.,1.,1.,1.,1.,1.,1.,1.,1.,1.,1.,1.,1.,      299P    418
1.,1.,1.,1.,1.,1.,1.,1.,1.,1.,1.,1.,1.,1.,1.,1.,1.,1.,1.,1.,1.,      299P    419
1.,1.,0.90632674540989,0.36363636363636,0.,0.90632674540989,         299P    420
0.34125195378246,0.,0.90351790439762,0.31929765408724,0.,            299P    421
0.90070906338534,0.29734335439202,0.,0.89519932354568,               299P    422
0.27666285628066,0.,0.88968958370602,0.2559823581693,0.,             299P    423
0.8816906812511,0.23737040158645,0.,0.87369177879619,                299P    424
0.21875844500361,0.,0.86351110706153,0.20293027700306,0.,            299P    425
0.85333043532688,0.1871021090025,0.,0.84135923181786,                299P    426
0.17466599720397,0.,0.82938802830884,0.16222988540543,0.,            299P    427
0.81608633966277,0.15366374261107,0.,0.80278465101671,               299P    428
0.14509759981671,0.,0.7886636536686,0.14073061809017,0.,             299P    429
0.77454265632048,0.13636363636364,0.,0.76014501227927,               299P    430
0.13636363636364,0.,0.74574736823805,0.13636363636364,0.,            299P    431
0.73162637088994,0.14073061809018,0.,0.71750537354182,               299P    432
0.14509759981671,0.,0.70420368489576,0.15366374261107,0.,            299P    433
0.69090199624969,0.16222988540543,0.,0.67893079274067,               299P    434
0.17466599720397,0.,0.66695958923165,0.18710210900251,0.,            299P    435
0.656778917497,0.20293027700306,0.,0.64659824576234,                 299P    436
0.21875844500361,0.,0.63859934330743,0.23737040158645,0.,            299P    437
0.63060044085252,0.2559823581693,0.,0.62509070101285,                299P    438
0.27666285628066,0.,0.61958096117319,0.29734335439202,0.,            299P    439
0.61677212016091,0.31929765408724,0.,0.61396327914864,               299P    440
0.34125195378246,0.,0.61396327914864,0.36363636363636,0.,            299P    441
0.61396327914864,0.38602077349026,0.,0.61677212016091,               299P    442
0.40797507318548,0.,0.61958096117319,0.4299293728807,0.,             299P    443
0.62509070101285,0.45060987099207,0.,0.63060044085252,               299P    444
0.47129036910343,0.,0.63859934330743,0.48990232568627,0.,            299P    445
0.64659824576234,0.50851428226912,0.,0.656778917497,                 299P    446
0.52434245026967,0.,0.66695958923165,0.54017061827022,0.,            299P    447
0.67893079274067,0.55260673006876,0.,0.69090199624969,               299P    448
0.5650428418673,0.,0.70420368489576,0.57360898466166,0.,             299P    449
0.71750537354182,0.58217512745601,0.,0.73162637088994,               299P    450
0.58654210918255,0.,0.74574736823805,0.59090909090909,0.,            299P    451
0.76014501227927,0.59090909090909,0.,0.77454265632048,               299P    452
0.59090909090909,0.,0.7886636536686,0.58654210918255,0.,             299P    453
0.80278465101671,0.58217512745601,0.,0.81608633966277,               299P    454
0.57360898466166,0.,0.82938802830884,0.5650428418673,0.,             299P    455
0.84135923181786,0.55260673006876,0.,0.85333043532688,               299P    456
0.54017061827022,0.,0.86351110706153,0.52434245026967,0.,            299P    457
0.87369177879619,0.50851428226912,0.,0.8816906812511,                299P    458
0.48990232568627,0.,0.88968958370602,0.47129036910343,0.,            299P    459
0.89519932354568,0.45060987099207,0.,0.90070906338534,               299P    460
0.4299293728807,0.,0.90351790439762,0.40797507318548,0.,             299P    461
0.90632674540989,0.38602077349026,0.,0.90632674540989,               299P    462
0.36363636363636,0.,-6.28318530717959,0.,0.,0.,1.;                   299P    463
102,1,299;                                                           301P    464
124,0.,-1.,0.,-0.0075,1.,0.,0.,0.065,0.,0.,1.,-0.0475;               303P    465
100,0.,0.,0.,0.0125,0.,0.0125,0.;                                    305P    466
102,1,305;                                                           307P    467
142,1,259,301,307,2;                                                 309P    468
144,259,1,1,297,309;                                                 311P    469
314,61.5686297416687,81.17647171020508,92.9411768913269,10HMixed     313P    470
Color;                                                               313P    471
110,-0.0275,0.,-0.0475,-0.0275,0.,0.0475;                            315P    472
122,315,-0.0275,0.065,-0.0475;                                       317P    473
126,1,1,1,0,1,0,-0.0475,-0.0475,0.0475,0.0475,1.,1.,0.,-0.,0.,       319P    474
1.,-0.,0.,-0.0475,0.0475,0.,0.,1.;                                   319P    475
126,1,1,1,0,1,0,-0.012,-0.012,0.033,0.033,1.,1.,1.,-0.,0.,1.,        321P    476
0.69230769230769,0.,-0.012,0.033,0.,0.,1.;                           321P    477
126,1,1,1,0,1,0,-0.0475,-0.0475,0.0145,0.0145,1.,1.,1.,              323P    478
0.69230769230769,0.,0.34736842105263,0.69230769230769,0.,            323P    479
-0.0475,0.0145,0.,0.,1.;                                             323P    480
126,16,2,1,0,1,0,-4.71238898038469,-4.71238898038469,                325P    481
-4.71238898038469,-4.51603943953533,-4.51603943953533,               325P    482
-4.31968989868597,-4.31968989868597,-4.1233403578366,                325P    483
-4.1233403578366,-3.92699081698724,-3.92699081698724,                325P    484
-3.73064127613788,-3.73064127613788,-3.53429173528852,               325P    485
-3.53429173528852,-3.33794219443916,-3.33794219443916,               325P    486
-3.14159265358979,-3.14159265358979,-3.14159265358979,1.,1.,1.,      325P    487
1.,1.,1.,1.,1.,1.,1.,1.,1.,1.,1.,1.,1.,1.,0.34736842105263,          325P    488
0.69230769230769,0.,0.33907440813834,0.69230769230769,0.,            325P    489
0.33093976235654,0.69467258087345,0.,0.32280511657473,               325P    490
0.6970374694392,0.,0.31514244780083,0.70167636522938,0.,             325P    491
0.30747977902694,0.70631526101956,0.,0.30058355932467,               325P    492
0.71304989387046,0.,0.29368733962239,0.71978452672136,0.,            325P    493
0.28782258684745,0.72835608846935,0.,0.28195783407251,               325P    494
0.73692765021734,0.,0.27734992738505,0.74700674055143,0.,            325P    495
0.27274202069759,0.75708583088553,0.,0.26956803936747,               325P    496
0.7682851160166,0.,0.26639405803735,0.77948440114768,0.,             325P    497
0.2647759763871,0.79137349882878,0.,0.26315789473684,                325P    498
0.80326259650989,0.,0.26315789473684,0.81538461538462,0.,            325P    499
-4.71238898038469,-3.14159265358979,0.,0.,1.;                        325P    500
126,1,1,1,0,1,0,-0.002,-0.002,0.01,0.01,1.,1.,0.26315789473684,      327P    501
0.81538461538462,0.,0.26315789473684,1.,0.,-0.002,0.01,0.,0.,1.;     327P    502
126,1,1,1,0,1,0,0.,0.,0.025,0.025,1.,1.,0.26315789473684,1.,0.,      329P    503
0.,1.,0.,0.,0.025,0.,0.,1.;                                          329P    504
126,1,1,1,0,1,0,-0.053,-0.053,0.012,0.012,1.,1.,0.,1.,0.,0.,-0.,     331P    505
0.,-0.053,0.012,0.,0.,1.;                                            331P    506
102,7,319,321,323,325,327,329,331;                                   333P    507
110,-0.0275,0.,-0.0475,-0.0275,0.,0.0475;                            335P    508
110,-0.0275,0.,0.0475,-0.0275,0.045,0.0475;                          337P    509
110,-0.0275,0.045,0.0475,-0.0275,0.045,-0.0145;                      339P    510
124,-0.,0.,1.,-0.0275,0.,-1.,0.,0.053,1.,0.,0.,-0.0145;              341P    511
100,0.,0.,0.,-0.,0.008,-0.008,-0.;                                   343P    512
110,-0.0275,0.053,-0.0225,-0.0275,0.065,-0.0225;                     345P    513
110,-0.0275,0.065,-0.0225,-0.0275,0.065,-0.0475;                     347P    514
110,-0.0275,0.065,-0.0475,-0.0275,0.,-0.0475;                        349P    515
102,7,335,337,339,343,345,347,349;                                   351P    516
142,1,317,333,351,2;                                                 353P    517
126,64,2,1,1,1,1,-10.99557428756428,-10.99557428756428,              355P    518
-10.99557428756428,-10.79922474671491,-10.79922474671491,            355P    519
-10.60287520586555,-10.60287520586555,-10.40652566501619,            355P    520
-10.40652566501619,-10.21017612416683,-10.21017612416683,            355P    521
-10.01382658331747,-10.01382658331747,-9.8174770424681,              355P    522
-9.8174770424681,-9.62112750161874,-9.62112750161874,                355P    523
-9.42477796076938,-9.42477796076938,-9.22842841992002,               355P    524
-9.22842841992002,-9.03207887907065,-9.03207887907065,               355P    525
-8.83572933822129,-8.83572933822129,-8.63937979737193,               355P    526
-8.63937979737193,-8.44303025652257,-8.44303025652257,               355P    527
-8.24668071567321,-8.24668071567321,-8.05033117482385,               355P    528
-8.05033117482385,-7.85398163397448,-7.85398163397448,               355P    529
-7.65763209312512,-7.65763209312512,-7.46128255227576,               355P    530
-7.46128255227576,-7.2649330114264,-7.2649330114264,                 355P    531
-7.06858347057703,-7.06858347057703,-6.87223392972767,               355P    532
-6.87223392972767,-6.67588438887831,-6.67588438887831,               355P    533
-6.47953484802895,-6.47953484802895,-6.28318530717959,               355P    534
-6.28318530717959,-6.08683576633022,-6.08683576633022,               355P    535
-5.89048622548086,-5.89048622548086,-5.6941366846315,                355P    536
-5.6941366846315,-5.49778714378214,-5.49778714378214,                355P    537
-5.30143760293278,-5.30143760293278,-5.10508806208341,               355P    538
-5.10508806208341,-4.90873852123405,-4.90873852123405,               355P    539
-4.71238898038469,-4.71238898038469,-4.71238898038469,1.,1.,1.,      355P    540
1.,1.,1.,1.,1.,1.,1.,1.,1.,1.,1.,1.,1.,1.,1.,1.,1.,1.,1.,1.,1.,      355P    541
1.,1.,1.,1.,1.,1.,1.,1.,1.,1.,1.,1.,1.,1.,1.,1.,1.,1.,1.,1.,1.,      355P    542
1.,1.,1.,1.,1.,1.,1.,1.,1.,1.,1.,1.,1.,1.,1.,1.,1.,1.,1.,1.,         355P    543
0.84210526315789,0.27692307692308,0.,0.83588475347218,               355P    544
0.27692307692308,0.,0.82978376913582,0.27869674334739,0.,            355P    545
0.82368278479947,0.28047040977171,0.,0.81793578321905,               355P    546
0.28394958161434,0.,0.81218878163863,0.28742875345697,0.,            355P    547
0.80701661686192,0.29247972809515,0.,0.80184445208521,               355P    548
0.29753070273333,0.,0.79744588750401,0.30395937404432,0.,            355P    549
0.7930473229228,0.31038804535531,0.,0.78959139290721,                355P    550
0.31794736310588,0.,0.78613546289161,0.32550668085645,0.,            355P    551
0.78375497689402,0.33390614470476,0.,0.78137449089643,               355P    552
0.34230560855307,0.,0.78016092965874,0.3512224318139,0.,             355P    553
0.77894736842105,0.36013925507472,0.,0.77894736842105,               355P    554
0.36923076923077,0.,0.77894736842105,0.37832228338682,0.,            355P    555
0.78016092965874,0.38723910664764,0.,0.78137449089643,               355P    556
0.39615592990847,0.,0.78375497689402,0.40455539375678,0.,            355P    557
0.78613546289161,0.41295485760509,0.,0.78959139290721,               355P    558
0.42051417535566,0.,0.7930473229228,0.42807349310623,0.,             355P    559
0.79744588750401,0.43450216441722,0.,0.80184445208521,               355P    560
0.44093083572821,0.,0.80701661686192,0.44598181036639,0.,            355P    561
0.81218878163863,0.45103278500456,0.,0.81793578321905,               355P    562
0.4545119568472,0.,0.82368278479947,0.45799112868983,0.,             355P    563
0.82978376913582,0.45976479511414,0.,0.83588475347218,               355P    564
0.46153846153846,0.,0.84210526315789,0.46153846153846,0.,            355P    565
0.84832577284361,0.46153846153846,0.,0.85442675717997,               355P    566
0.45976479511414,0.,0.86052774151632,0.45799112868983,0.,            355P    567
0.86627474309674,0.4545119568472,0.,0.87202174467716,                355P    568
0.45103278500456,0.,0.87719390945387,0.44598181036639,0.,            355P    569
0.88236607423058,0.44093083572821,0.,0.88676463881178,               355P    570
0.43450216441722,0.,0.89116320339299,0.42807349310623,0.,            355P    571
0.89461913340858,0.42051417535566,0.,0.89807506342418,               355P    572
0.41295485760509,0.,0.90045554942177,0.40455539375678,0.,            355P    573
0.90283603541936,0.39615592990847,0.,0.90404959665705,               355P    574
0.38723910664764,0.,0.90526315789474,0.37832228338682,0.,            355P    575
0.90526315789474,0.36923076923077,0.,0.90526315789474,               355P    576
0.36013925507472,0.,0.90404959665705,0.3512224318139,0.,             355P    577
0.90283603541936,0.34230560855307,0.,0.90045554942177,               355P    578
0.33390614470476,0.,0.89807506342418,0.32550668085645,0.,            355P    579
0.89461913340858,0.31794736310588,0.,0.89116320339299,               355P    580
0.31038804535531,0.,0.88676463881178,0.30395937404432,0.,            355P    581
0.88236607423058,0.29753070273333,0.,0.87719390945387,               355P    582
0.29247972809515,0.,0.87202174467716,0.28742875345697,0.,            355P    583
0.86627474309674,0.28394958161434,0.,0.86052774151632,               355P    584
0.28047040977171,0.,0.85442675717997,0.27869674334739,0.,            355P    585
0.84832577284361,0.27692307692308,0.,0.84210526315789,               355P    586
0.27692307692308,0.,-10.99557428756428,-4.71238898038469,0.,0.,      355P    587
1.;                                                                  355P    588
102,1,355;                                                           357P    589
124,-0.,0.,1.,-0.0275,0.,-1.,0.,0.024,1.,0.,0.,0.0325;               359P    590
100,0.,0.,0.,-0.,0.006,-0.,0.006;                                    361P    591
102,1,361;                                                           363P    592
142,1,317,357,363,2;                                                 365P    593
126,64,2,1,1,1,1,-10.99557428756428,-10.99557428756428,              367P    594
-10.99557428756428,-10.79922474671491,-10.79922474671491,            367P    595
-10.60287520586555,-10.60287520586555,-10.40652566501619,            367P    596
-10.40652566501619,-10.21017612416683,-10.21017612416683,            367P    597
-10.01382658331747,-10.01382658331747,-9.8174770424681,              367P    598
-9.8174770424681,-9.62112750161874,-9.62112750161874,                367P    599
-9.42477796076938,-9.42477796076938,-9.22842841992002,               367P    600
-9.22842841992002,-9.03207887907065,-9.03207887907065,               367P    601
-8.83572933822129,-8.83572933822129,-8.63937979737193,               367P    602
-8.63937979737193,-8.44303025652257,-8.44303025652257,               367P    603
-8.24668071567321,-8.24668071567321,-8.05033117482385,               367P    604
-8.05033117482385,-7.85398163397448,-7.85398163397448,               367P    605
-7.65763209312512,-7.65763209312512,-7.46128255227576,               367P    606
-7.46128255227576,-7.2649330114264,-7.2649330114264,                 367P    607
-7.06858347057703,-7.06858347057703,-6.87223392972767,               367P    608
-6.87223392972767,-6.67588438887831,-6.67588438887831,               367P    609
-6.47953484802895,-6.47953484802895,-6.28318530717959,               367P    610
-6.28318530717959,-6.08683576633022,-6.08683576633022,               367P    611
-5.89048622548086,-5.89048622548086,-5.6941366846315,                367P    612
-5.6941366846315,-5.49778714378214,-5.49778714378214,                367P    613
-5.30143760293278,-5.30143760293278,-5.10508806208341,               367P    614
-5.10508806208341,-4.90873852123405,-4.90873852123405,               367P    615
-4.71238898038469,-4.71238898038469,-4.71238898038469,1.,1.,1.,      367P    616
1.,1.,1.,1.,1.,1.,1.,1.,1.,1.,1.,1.,1.,1.,1.,1.,1.,1.,1.,1.,1.,      367P    617
1.,1.,1.,1.,1.,1.,1.,1.,1.,1.,1.,1.,1.,1.,1.,1.,1.,1.,1.,1.,1.,      367P    618
1.,1.,1.,1.,1.,1.,1.,1.,1.,1.,1.,1.,1.,1.,1.,1.,1.,1.,1.,1.,         367P    619
0.45263157894737,0.27692307692308,0.,0.44641106926165,               367P    620
0.27692307692308,0.,0.4403100849253,0.27869674334739,0.,             367P    621
0.43420910058894,0.28047040977171,0.,0.42846209900852,               367P    622
0.28394958161434,0.,0.4227150974281,0.28742875345697,0.,             367P    623
0.41754293265139,0.29247972809515,0.,0.41237076787469,               367P    624
0.29753070273333,0.,0.40797220329348,0.30395937404432,0.,            367P    625
0.40357363871228,0.31038804535531,0.,0.40011770869668,               367P    626
0.31794736310588,0.,0.39666177868109,0.32550668085645,0.,            367P    627
0.3942812926835,0.33390614470476,0.,0.39190080668591,                367P    628
0.34230560855307,0.,0.39068724544822,0.3512224318139,0.,             367P    629
0.38947368421053,0.36013925507472,0.,0.38947368421053,               367P    630
0.36923076923077,0.,0.38947368421053,0.37832228338682,0.,            367P    631
0.39068724544822,0.38723910664764,0.,0.39190080668591,               367P    632
0.39615592990847,0.,0.3942812926835,0.40455539375678,0.,             367P    633
0.39666177868109,0.41295485760509,0.,0.40011770869668,               367P    634
0.42051417535566,0.,0.40357363871228,0.42807349310623,0.,            367P    635
0.40797220329348,0.43450216441722,0.,0.41237076787469,               367P    636
0.44093083572821,0.,0.41754293265139,0.44598181036639,0.,            367P    637
0.4227150974281,0.45103278500456,0.,0.42846209900852,                367P    638
0.4545119568472,0.,0.43420910058894,0.45799112868983,0.,             367P    639
0.4403100849253,0.45976479511414,0.,0.44641106926165,                367P    640
0.46153846153846,0.,0.45263157894737,0.46153846153846,0.,            367P    641
0.45885208863308,0.46153846153846,0.,0.46495307296944,               367P    642
0.45976479511414,0.,0.4710540573058,0.45799112868983,0.,             367P    643
0.47680105888622,0.4545119568472,0.,0.48254806046664,                367P    644
0.45103278500456,0.,0.48772022524334,0.44598181036639,0.,            367P    645
0.49289239002005,0.44093083572821,0.,0.49729095460126,               367P    646
0.43450216441722,0.,0.50168951918246,0.42807349310623,0.,            367P    647
0.50514544919806,0.42051417535566,0.,0.50860137921365,               367P    648
0.41295485760508,0.,0.51098186521124,0.40455539375678,0.,            367P    649
0.51336235120883,0.39615592990847,0.,0.51457591244652,               367P    650
0.38723910664764,0.,0.51578947368421,0.37832228338682,0.,            367P    651
0.51578947368421,0.36923076923077,0.,0.51578947368421,               367P    652
0.36013925507472,0.,0.51457591244652,0.3512224318139,0.,             367P    653
0.51336235120883,0.34230560855307,0.,0.51098186521124,               367P    654
0.33390614470476,0.,0.50860137921365,0.32550668085645,0.,            367P    655
0.50514544919806,0.31794736310588,0.,0.50168951918246,               367P    656
0.31038804535531,0.,0.49729095460126,0.30395937404432,0.,            367P    657
0.49289239002005,0.29753070273333,0.,0.48772022524334,               367P    658
0.29247972809515,0.,0.48254806046664,0.28742875345697,0.,            367P    659
0.47680105888622,0.28394958161434,0.,0.4710540573058,                367P    660
0.28047040977171,0.,0.46495307296944,0.27869674334739,0.,            367P    661
0.45885208863308,0.27692307692308,0.,0.45263157894737,               367P    662
0.27692307692308,0.,-10.99557428756428,-4.71238898038469,0.,0.,      367P    663
1.;                                                                  367P    664
102,1,367;                                                           369P    665
124,-0.,0.,1.,-0.0275,0.,-1.,0.,0.024,1.,0.,0.,-0.0045;              371P    666
100,0.,0.,0.,-0.,0.006,-0.,0.006;                                    373P    667
102,1,373;                                                           375P    668
142,1,317,369,375,2;                                                 377P    669
144,317,1,2,353,365,377;                                             379P    670
314,61.5686297416687,81.17647171020508,92.9411768913269,10HMixed     381P    671
Color;                                                               381P    672
110,0.0275,0.,0.0475,-0.0275,0.,0.0475;                              383P    673
122,383,0.0275,0.,-0.0475;                                           385P    674
126,1,1,1,0,1,0,-0.0215,-0.0215,0.0335,0.0335,1.,1.,0.,0.,0.,1.,     387P    675
0.,0.,-0.0215,0.0335,0.,0.,1.;                                       387P    676
126,1,1,1,0,1,0,-0.0475,-0.0475,0.0475,0.0475,1.,1.,1.,0.,0.,1.,     389P    677
1.,0.,-0.0475,0.0475,0.,0.,1.;                                       389P    678
126,1,1,1,0,1,0,-0.0335,-0.0335,0.0215,0.0215,1.,1.,1.,1.,0.,0.,     391P    679
1.,0.,-0.0335,0.0215,0.,0.,1.;                                       391P    680
126,1,1,1,0,1,0,-0.0475,-0.0475,0.0475,0.0475,1.,1.,0.,1.,0.,0.,     393P    681
0.,0.,-0.0475,0.0475,0.,0.,1.;                                       393P    682
102,4,387,389,391,393;                                               395P    683
110,0.0275,0.,0.0475,-0.0275,0.,0.0475;                              397P    684
110,-0.0275,0.,0.0475,-0.0275,0.,-0.0475;                            399P    685
110,-0.0275,0.,-0.0475,0.0275,0.,-0.0475;                            401P    686
110,0.0275,0.,-0.0475,0.0275,0.,0.0475;                              403P    687
102,4,397,399,401,403;                                               405P    688
142,1,385,395,405,2;                                                 407P    689
126,1,1,1,0,1,0,-0.0275,-0.0275,0.0095,0.0095,1.,1.,                 409P    690
0.32727272727273,0.21052631578947,0.,0.32727272727273,0.6,0.,        409P    691
-0.0275,0.0095,0.,0.,1.;                                             409P    692
126,1,1,1,0,1,0,-0.0095,-0.0095,0.0105,0.0105,1.,1.,                 411P    693
0.32727272727273,0.6,0.,0.69090909090909,0.6,0.,-0.0095,0.0105,      411P    694
0.,0.,1.;                                                            411P    695
126,1,1,1,0,1,0,-0.0095,-0.0095,0.0275,0.0275,1.,1.,                 413P    696
0.69090909090909,0.6,0.,0.69090909090909,0.21052631578947,0.,        413P    697
-0.0095,0.0275,0.,0.,1.;                                             413P    698
126,1,1,1,0,1,0,-0.0105,-0.0105,0.0095,0.0095,1.,1.,                 415P    699
0.69090909090909,0.21052631578947,0.,0.32727272727273,               415P    700
0.21052631578947,0.,-0.0105,0.0095,0.,0.,1.;                         415P    701
102,4,409,411,413,415;                                               417P    702
110,0.0095,0.,0.0275,0.0095,0.,-0.0095;                              419P    703
110,0.0095,0.,-0.0095,-0.0105,0.,-0.0095;                            421P    704
110,-0.0105,0.,-0.0095,-0.0105,0.,0.0275;                            423P    705
110,-0.0105,0.,0.0275,0.0095,0.,0.0275;                              425P    706
102,4,419,421,423,425;                                               427P    707
142,1,385,417,427,2;                                                 429P    708
144,385,1,1,407,429;                                                 431P    709
314,61.5686297416687,81.17647171020508,92.9411768913269,10HMixed     433P    710
Color;                                                               433P    711
110,-0.0405,0.024,-0.0045,0.9595,0.024,-0.0045;                      435P    712
110,-0.0275,0.018,-0.0045,-0.0155,0.018,-0.0045;                     437P    713
120,435,437,0.,6.28318530717959;                                     439P    714
126,1,1,1,0,1,0,4.71238898038469,4.71238898038469,                   441P    715
10.99557428756428,10.99557428756428,1.,1.,-0.,6.28318530717959,      441P    716
0.,-0.,0.,0.,4.71238898038469,10.99557428756428,0.,0.,1.;            441P    717
126,1,1,1,0,1,0,0.,0.,1.,1.,1.,1.,-0.,0.,0.,-0.,                     443P    718
6.28318530717959,0.,0.,1.,0.,0.,1.;                                  443P    719
126,1,1,1,0,1,0,0.013,0.013,0.025,0.025,1.,1.,-0.,                   445P    720
6.28318530717959,0.,1.,6.28318530717959,0.,0.013,0.025,0.,0.,1.;     445P    721
126,1,1,1,0,1,0,0.,0.,1.,1.,1.,1.,1.,6.28318530717959,0.,1.,0.,      447P    722
0.,0.,1.,0.,0.,1.;                                                   447P    723
126,1,1,1,0,1,0,0.,0.,6.28318530717959,6.28318530717959,1.,1.,       449P    724
1.,0.,0.,1.,6.28318530717959,0.,0.,6.28318530717959,0.,0.,1.;        449P    725
126,1,1,1,0,1,0,0.,0.,1.,1.,1.,1.,1.,6.28318530717959,0.,1.,0.,      451P    726
0.,0.,1.,0.,0.,1.;                                                   451P    727
126,1,1,1,0,1,0,-0.025,-0.025,-0.013,-0.013,1.,1.,1.,0.,0.,-0.,      453P    728
0.,0.,-0.025,-0.013,0.,0.,1.;                                        453P    729
126,1,1,1,0,1,0,0.,0.,1.,1.,1.,1.,-0.,0.,0.,-0.,                     455P    730
6.28318530717959,0.,0.,1.,0.,0.,1.;                                  455P    731
102,8,441,443,445,447,449,451,453,455;                               457P    732
124,-0.,0.,-1.,-0.0275,0.,1.,0.,0.024,1.,0.,-0.,-0.0045;             459P    733
100,0.,0.,0.,-0.,-0.006,-0.,-0.006;                                  461P    734
110,-0.0275,0.018,-0.0045,-0.0155,0.018,-0.0045;                     463P    735
124,0.,0.,1.,-0.0155,-1.,0.,0.,0.024,0.,-1.,0.,-0.0045;              465P    736
100,0.,0.,0.,0.006,0.,0.006,-0.;                                     467P    737
110,-0.0155,0.018,-0.0045,-0.0275,0.018,-0.0045;                     469P    738
102,4,461,463,467,469;                                               471P    739
142,1,439,457,471,2;                                                 473P    740
144,439,1,0,473;                                                     475P    741
314,61.5686297416687,81.17647171020508,92.9411768913269,10HMixed     477P    742
Color;                                                               477P    743
110,-0.0405,0.024,0.0325,0.9595,0.024,0.0325;                        479P    744
110,-0.0275,0.018,0.0325,-0.0155,0.018,0.0325;                       481P    745
120,479,481,0.,6.28318530717959;                                     483P    746
126,1,1,1,0,1,0,4.71238898038469,4.71238898038469,                   485P    747
10.99557428756428,10.99557428756428,1.,1.,-0.,6.28318530717959,      485P    748
0.,-0.,0.,0.,4.71238898038469,10.99557428756428,0.,0.,1.;            485P    749
126,1,1,1,0,1,0,0.,0.,1.,1.,1.,1.,-0.,0.,0.,-0.,                     487P    750
6.28318530717959,0.,0.,1.,0.,0.,1.;                                  487P    751
126,1,1,1,0,1,0,0.013,0.013,0.025,0.025,1.,1.,-0.,                   489P    752
6.28318530717959,0.,1.,6.28318530717959,0.,0.013,0.025,0.,0.,1.;     489P    753
126,1,1,1,0,1,0,0.,0.,1.,1.,1.,1.,1.,6.28318530717959,0.,1.,0.,      491P    754
0.,0.,1.,0.,0.,1.;                                                   491P    755
126,1,1,1,0,1,0,0.,0.,6.28318530717959,6.28318530717959,1.,1.,       493P    756
1.,0.,0.,1.,6.28318530717959,0.,0.,6.28318530717959,0.,0.,1.;        493P    757
126,1,1,1,0,1,0,0.,0.,1.,1.,1.,1.,1.,6.28318530717959,0.,1.,0.,      495P    758
0.,0.,1.,0.,0.,1.;                                                   495P    759
126,1,1,1,0,1,0,-0.025,-0.025,-0.013,-0.013,1.,1.,1.,0.,0.,-0.,      497P    760
0.,0.,-0.025,-0.013,0.,0.,1.;                                        497P    761
126,1,1,1,0,1,0,0.,0.,1.,1.,1.,1.,-0.,0.,0.,-0.,                     499P    762
6.28318530717959,0.,0.,1.,0.,0.,1.;                                  499P    763
102,8,485,487,489,491,493,495,497,499;                               501P    764
124,-0.,0.,-1.,-0.0275,0.,1.,0.,0.024,1.,0.,-0.,0.0325;              503P    765
100,0.,0.,0.,-0.,-0.006,-0.,-0.006;                                  505P    766
110,-0.0275,0.018,0.0325,-0.0155,0.018,0.0325;                       507P    767
124,0.,0.,1.,-0.0155,-1.,0.,0.,0.024,0.,-1.,0.,0.0325;               509P    768
100,0.,0.,0.,0.006,0.,0.006,-0.;                                     511P    769
110,-0.0155,0.018,0.0325,-0.0275,0.018,0.0325;                       513P    770
102,4,505,507,511,513;                                               515P    771
142,1,483,501,515,2;                                                 517P    772
144,483,1,0,517;                                                     519P    773
314,61.5686297416687,81.17647171020508,92.9411768913269,10HMixed     521P    774
Color;                                                               521P    775
110,-0.0075,0.065,-0.0225,-0.0075,0.065,-1.0225;                     523P    776
110,-0.0075,0.085,-0.0475,-0.0075,0.085,-0.0225;                     525P    777
120,523,525,0.,6.28318530717959;                                     527P    778
126,1,1,1,0,1,0,-0.025,-0.025,0.,0.,1.,1.,0.,0.,0.,1.,0.,0.,         529P    779
-0.025,0.,0.,0.,1.;                                                  529P    780
126,1,1,1,0,1,0,0.,0.,1.5707963267949,1.5707963267949,1.,1.,1.,      531P    781
0.,0.,1.,1.5707963267949,0.,0.,1.5707963267949,0.,0.,1.;             531P    782
126,1,1,1,0,1,0,0.,0.,0.025,0.025,1.,1.,1.,1.5707963267949,0.,       533P    783
0.,1.5707963267949,0.,0.,0.025,0.,0.,1.;                             533P    784
126,1,1,1,0,1,0,-1.5707963267949,-1.5707963267949,0.,0.,1.,1.,       535P    785
0.,1.5707963267949,0.,0.,0.,0.,-1.5707963267949,0.,0.,0.,1.;         535P    786
102,4,529,531,533,535;                                               537P    787
110,-0.0075,0.085,-0.0475,-0.0075,0.085,-0.0225;                     539P    788
124,0.,1.,0.,-0.0075,1.,0.,0.,0.065,0.,0.,-1.,-0.0225;               541P    789
100,0.,0.,0.,0.02,0.,0.,0.02;                                        543P    790
110,0.0125,0.065,-0.0225,0.0125,0.065,-0.0475;                       545P    791
124,0.,-1.,0.,-0.0075,1.,0.,0.,0.065,0.,0.,1.,-0.0475;               547P    792
100,0.,0.,0.,0.,-0.02,0.02,0.;                                       549P    793
102,4,539,543,545,549;                                               551P    794
142,1,527,537,551,2;                                                 553P    795
144,527,1,0,553;                                                     555P    796
314,61.5686297416687,81.17647171020508,92.9411768913269,10HMixed     557P    797
Color;                                                               557P    798
110,0.0125,0.065,-0.0225,0.0125,0.012,-0.0225;                       559P    799
122,559,0.0125,0.065,-0.0475;                                        561P    800
126,1,1,1,0,1,0,-0.0265,-0.0265,0.0265,0.0265,1.,1.,1.,1.,0.,0.,     563P    801
1.,0.,-0.0265,0.0265,0.,0.,1.;                                       563P    802
126,1,1,1,0,1,0,-0.025,-0.025,0.,0.,1.,1.,0.,1.,0.,0.,0.,0.,         565P    803
-0.025,0.,0.,0.,1.;                                                  565P    804
126,1,1,1,0,1,0,-0.0265,-0.0265,0.0265,0.0265,1.,1.,0.,0.,0.,1.,     567P    805
0.,0.,-0.0265,0.0265,0.,0.,1.;                                       567P    806
126,1,1,1,0,1,0,0.,0.,0.025,0.025,1.,1.,1.,0.,0.,1.,1.,0.,0.,        569P    807
0.025,0.,0.,1.;                                                      569P    808
102,4,563,565,567,569;                                               571P    809
110,0.0125,0.012,-0.0475,0.0125,0.065,-0.0475;                       573P    810
110,0.0125,0.065,-0.0475,0.0125,0.065,-0.0225;                       575P    811
110,0.0125,0.065,-0.0225,0.0125,0.012,-0.0225;                       577P    812
110,0.0125,0.012,-0.0225,0.0125,0.012,-0.0475;                       579P    813
102,4,573,575,577,579;                                               581P    814
142,1,561,571,581,2;                                                 583P    815
144,561,1,0,583;                                                     585P    816
314,61.5686297416687,81.17647171020508,92.9411768913269,10HMixed     587P    817
Color;                                                               587P    818
110,-0.0075,0.065,-0.0225,-0.0075,0.065,-1.0225;                     589P    819
110,-0.0075,0.0775,-0.0225,-0.0075,0.0775,-0.0475;                   591P    820
120,589,591,0.,6.28318530717959;                                     593P    821
126,1,1,1,0,1,0,-6.28318530717959,-6.28318530717959,0.,0.,1.,1.,     595P    822
0.,6.28318530717959,0.,0.,0.,0.,-6.28318530717959,0.,0.,0.,1.;       595P    823
126,1,1,1,0,1,0,0.,0.,1.,1.,1.,1.,0.,0.,0.,0.,6.28318530717959,      597P    824
0.,0.,1.,0.,0.,1.;                                                   597P    825
126,1,1,1,0,1,0,0.,0.,0.025,0.025,1.,1.,0.,6.28318530717959,0.,      599P    826
1.,6.28318530717959,0.,0.,0.025,0.,0.,1.;                            599P    827
126,1,1,1,0,1,0,0.,0.,1.,1.,1.,1.,1.,6.28318530717959,0.,1.,0.,      601P    828
0.,0.,1.,0.,0.,1.;                                                   601P    829
126,1,1,1,0,1,0,0.,0.,6.28318530717959,6.28318530717959,1.,1.,       603P    830
1.,0.,0.,1.,6.28318530717959,0.,0.,6.28318530717959,0.,0.,1.;        603P    831
126,1,1,1,0,1,0,0.,0.,1.,1.,1.,1.,1.,6.28318530717959,0.,1.,0.,      605P    832
0.,0.,1.,0.,0.,1.;                                                   605P    833
126,1,1,1,0,1,0,-0.025,-0.025,0.,0.,1.,1.,1.,0.,0.,0.,0.,0.,         607P    834
-0.025,0.,0.,0.,1.;                                                  607P    835
126,1,1,1,0,1,0,0.,0.,1.,1.,1.,1.,0.,0.,0.,0.,6.28318530717959,      609P    836
0.,0.,1.,0.,0.,1.;                                                   609P    837
102,8,595,597,599,601,603,605,607,609;                               611P    838
124,0.,-1.,0.,-0.0075,1.,0.,0.,0.065,0.,0.,1.,-0.0225;               613P    839
100,0.,0.,0.,0.0125,0.,0.0125,0.;                                    615P    840
110,-0.0075,0.0775,-0.0225,-0.0075,0.0775,-0.0475;                   617P    841
124,0.,1.,0.,-0.0075,1.,0.,0.,0.065,0.,0.,-1.,-0.0475;               619P    842
100,0.,0.,0.,0.0125,0.,0.0125,-0.;                                   621P    843
110,-0.0075,0.0775,-0.0475,-0.0075,0.0775,-0.0225;                   623P    844
102,4,615,617,621,623;                                               625P    845
142,1,593,611,625,2;                                                 627P    846
144,593,1,0,627;                                                     629P    847
314,61.5686297416687,81.17647171020508,92.9411768913269,10HMixed     631P    848
Color;                                                               631P    849
110,-0.0275,0.012,-0.0225,0.0125,0.012,-0.0225;                      633P    850
122,633,-0.0275,0.085438,-0.0225;                                    635P    851
126,1,1,1,0,1,0,-0.01,-0.01,0.002,0.002,1.,1.,-0.,                   637P    852
0.72169721397642,0.,-0.,0.5582940711893,0.,-0.01,0.002,0.,0.,1.;     637P    853
126,1,1,1,0,1,0,-0.0275,-0.0275,-0.0155,-0.0155,1.,1.,-0.,           639P    854
0.5582940711893,0.,0.3,0.5582940711893,0.,-0.0275,-0.0155,0.,0.,     639P    855
1.;                                                                  639P    856
126,1,1,1,0,1,0,-0.008,-0.008,0.033,0.033,1.,1.,0.3,                 641P    857
0.5582940711893,0.,0.3,0.,0.,-0.008,0.033,0.,0.,1.;                  641P    858
126,1,1,1,0,1,0,-0.0215,-0.0215,0.0065,0.0065,1.,1.,0.3,0.,0.,       643P    859
1.,0.,0.,-0.0215,0.0065,0.,0.,1.;                                    643P    860
126,1,1,1,0,1,0,-0.0265,-0.0265,0.0265,0.0265,1.,1.,1.,0.,0.,1.,     645P    861
0.72169721397642,0.,-0.0265,0.0265,0.,0.,1.;                         645P    862
126,16,2,1,0,1,0,-1.5707963267949,-1.5707963267949,                  647P    863
-1.5707963267949,-1.37444678594553,-1.37444678594553,                647P    864
-1.17809724509617,-1.17809724509617,-0.98174770424681,               647P    865
-0.98174770424681,-0.78539816339745,-0.78539816339745,               647P    866
-0.58904862254809,-0.58904862254809,-0.39269908169872,               647P    867
-0.39269908169872,-0.19634954084936,-0.19634954084936,0.,0.,0.,      647P    868
1.,1.,1.,1.,1.,1.,1.,1.,1.,1.,1.,1.,1.,1.,1.,1.,1.,1.,               647P    869
0.72169721397642,0.,1.,0.74852022205321,0.,0.99039264020162,         647P    870
0.77482783355106,0.,0.98078528040323,0.80113544504891,0.,            647P    871
0.96193976625564,0.82591667321144,0.,0.94309425210806,               647P    872
0.85069790137397,0.,0.91573480615127,0.87300041750037,0.,            647P    873
0.88837536019449,0.89530293362676,0.,0.85355339059327,               647P    874
0.91426966452968,0.,0.81873142099206,0.9332363954326,0.,             647P    875
0.7777851165098,0.94813846028011,0.,0.73683881202754,                647P    876
0.96304052512762,0.,0.69134171618254,0.9733052459248,0.,             647P    877
0.64584462033755,0.98356996672199,0.,0.59754516100806,               647P    878
0.98880287600513,0.,0.54924570167858,0.99403578528827,0.,0.5,        647P    879
0.99403578528827,0.,-1.5707963267949,0.,0.,0.,1.;                    647P    880
126,16,2,1,0,1,0,-6.28318530717959,-6.28318530717959,                649P    881
-6.28318530717959,-6.08683576633022,-6.08683576633022,               649P    882
-5.89048622548086,-5.89048622548086,-5.6941366846315,                649P    883
-5.6941366846315,-5.49778714378214,-5.49778714378214,                649P    884
-5.30143760293278,-5.30143760293278,-5.10508806208341,               649P    885
-5.10508806208341,-4.90873852123405,-4.90873852123405,               649P    886
-4.71238898038469,-4.71238898038469,-4.71238898038469,1.,1.,1.,      649P    887
1.,1.,1.,1.,1.,1.,1.,1.,1.,1.,1.,1.,1.,1.,0.5,0.99403578528827,      649P    888
0.,0.45075429832142,0.99403578528827,0.,0.40245483899194,            649P    889
0.98880287600513,0.,0.35415537966245,0.98356996672199,0.,            649P    890
0.30865828381745,0.9733052459248,0.,0.26316118797246,                649P    891
0.96304052512762,0.,0.2222148834902,0.94813846028011,0.,             649P    892
0.18126857900794,0.9332363954326,0.,0.14644660940673,                649P    893
0.91426966452968,0.,0.11162463980551,0.89530293362676,0.,            649P    894
0.08426519384873,0.87300041750037,0.,0.05690574789194,               649P    895
0.85069790137397,0.,0.03806023374436,0.82591667321144,0.,            649P    896
0.01921471959677,0.80113544504891,0.,0.00960735979838,               649P    897
0.77482783355106,0.,-0.,0.74852022205321,0.,-0.,                     649P    898
0.72169721397642,0.,-6.28318530717959,-4.71238898038469,0.,0.,       649P    899
1.;                                                                  649P    900
102,7,637,639,641,643,645,647,649;                                   651P    901
110,-0.0275,0.065,-0.0225,-0.0275,0.053,-0.0225;                     653P    902
110,-0.0275,0.053,-0.0225,-0.0155,0.053,-0.0225;                     655P    903
110,-0.0155,0.053,-0.0225,-0.0155,0.012,-0.0225;                     657P    904
110,-0.0155,0.012,-0.0225,0.0125,0.012,-0.0225;                      659P    905
110,0.0125,0.012,-0.0225,0.0125,0.065,-0.0225;                       661P    906
124,0.,-1.,0.,-0.0075,1.,0.,0.,0.065,0.,0.,1.,-0.0225;               663P    907
100,0.,0.,0.,0.,-0.02,0.02,0.;                                       665P    908
124,0.,-1.,0.,-0.0075,1.,0.,0.,0.065,0.,0.,1.,-0.0225;               667P    909
100,0.,0.,0.,0.02,0.,-0.,0.02;                                       669P    910
102,7,653,655,657,659,661,665,669;                                   671P    911
142,1,635,651,671,2;                                                 673P    912
126,64,2,1,1,1,1,0.,0.,0.,0.19634954084936,0.19634954084936,         675P    913
0.39269908169872,0.39269908169872,0.58904862254809,                  675P    914
0.58904862254809,0.78539816339745,0.78539816339745,                  675P    915
0.98174770424681,0.98174770424681,1.17809724509617,                  675P    916
1.17809724509617,1.37444678594553,1.37444678594553,                  675P    917
1.5707963267949,1.5707963267949,1.76714586764426,                    675P    918
1.76714586764426,1.96349540849362,1.96349540849362,                  675P    919
2.15984494934298,2.15984494934298,2.35619449019234,                  675P    920
2.35619449019234,2.55254403104171,2.55254403104171,                  675P    921
2.74889357189107,2.74889357189107,2.94524311274043,                  675P    922
2.94524311274043,3.14159265358979,3.14159265358979,                  675P    923
3.33794219443916,3.33794219443916,3.53429173528852,                  675P    924
3.53429173528852,3.73064127613788,3.73064127613788,                  675P    925
3.92699081698724,3.92699081698724,4.1233403578366,                   675P    926
4.1233403578366,4.31968989868597,4.31968989868597,                   675P    927
4.51603943953533,4.51603943953533,4.71238898038469,                  675P    928
4.71238898038469,4.90873852123405,4.90873852123405,                  675P    929
5.10508806208341,5.10508806208341,5.30143760293278,                  675P    930
5.30143760293278,5.49778714378214,5.49778714378214,                  675P    931
5.6941366846315,5.6941366846315,5.89048622548086,                    675P    932
5.89048622548086,6.08683576633022,6.08683576633022,                  675P    933
6.28318530717959,6.28318530717959,6.28318530717959,1.,1.,1.,1.,      675P    934
1.,1.,1.,1.,1.,1.,1.,1.,1.,1.,1.,1.,1.,1.,1.,1.,1.,1.,1.,1.,1.,      675P    935
1.,1.,1.,1.,1.,1.,1.,1.,1.,1.,1.,1.,1.,1.,1.,1.,1.,1.,1.,1.,1.,      675P    936
1.,1.,1.,1.,1.,1.,1.,1.,1.,1.,1.,1.,1.,1.,1.,1.,1.,1.,1.,0.5,        675P    937
0.89190882104632,0.,0.53077856354911,0.89190882104632,0.,            675P    938
0.56096572563004,0.88863825274436,0.,0.59115288771097,               675P    939
0.8853676844424,0.,0.61958857261409,0.87895223394416,0.,             675P    940
0.64802425751721,0.87253678344592,0.,0.67361569781863,               675P    941
0.86322299291623,0.,0.69920713812004,0.85390920238653,0.,            675P    942
0.7209708691208,0.84205499557221,0.,0.74273460012156,                675P    943
0.83020078875788,0.,0.75983425384455,0.81626171617889,0.,            675P    944
0.77693390756754,0.80232264359989,0.,0.78871235390978,               675P    945
0.78683437599831,0.,0.80049080025202,0.77134610839672,0.,            675P    946
0.80649540012601,0.75490385121057,0.,0.8125,0.73846159402441,0.,     675P    947
0.8125,0.72169721397642,0.,0.8125,0.70493283392842,0.,               675P    948
0.80649540012601,0.68849057674226,0.,0.80049080025202,               675P    949
0.67204831955611,0.,0.78871235390978,0.65656005195452,0.,            675P    950
0.77693390756753,0.64107178435294,0.,0.75983425384455,               675P    951
0.62713271177394,0.,0.74273460012156,0.61319363919495,0.,            675P    952
0.7209708691208,0.60133943238062,0.,0.69920713812004,                675P    953
0.5894852255663,0.,0.67361569781863,0.5801714350366,0.,              675P    954
0.64802425751721,0.57085764450691,0.,0.61958857261409,               675P    955
0.56444219400867,0.,0.59115288771097,0.55802674351043,0.,            675P    956
0.56096572563004,0.55475617520847,0.,0.53077856354911,               675P    957
0.55148560690651,0.,0.5,0.55148560690651,0.,0.46922143645089,        675P    958
0.55148560690651,0.,0.43903427436996,0.55475617520847,0.,            675P    959
0.40884711228903,0.55802674351043,0.,0.38041142738591,               675P    960
0.56444219400867,0.,0.35197574248279,0.57085764450691,0.,            675P    961
0.32638430218137,0.5801714350366,0.,0.30079286187996,                675P    962
0.5894852255663,0.,0.2790291308792,0.60133943238062,0.,              675P    963
0.25726539987844,0.61319363919495,0.,0.24016574615545,               675P    964
0.62713271177394,0.,0.22306609243247,0.64107178435294,0.,            675P    965
0.21128764609022,0.65656005195452,0.,0.19950919974798,               675P    966
0.67204831955611,0.,0.19350459987399,0.68849057674226,0.,0.1875,     675P    967
0.70493283392842,0.,0.1875,0.72169721397642,0.,0.1875,               675P    968
0.73846159402441,0.,0.19350459987399,0.75490385121057,0.,            675P    969
0.19950919974798,0.77134610839672,0.,0.21128764609022,               675P    970
0.78683437599831,0.,0.22306609243247,0.80232264359989,0.,            675P    971
0.24016574615545,0.81626171617889,0.,0.25726539987844,               675P    972
0.83020078875788,0.,0.2790291308792,0.84205499557221,0.,             675P    973
0.30079286187996,0.85390920238653,0.,0.32638430218137,               675P    974
0.86322299291623,0.,0.35197574248279,0.87253678344592,0.,            675P    975
0.38041142738591,0.87895223394416,0.,0.40884711228903,               675P    976
0.8853676844424,0.,0.43903427436996,0.88863825274436,0.,             675P    977
0.46922143645089,0.89190882104632,0.,0.5,0.89190882104632,0.,0.,     675P    978
6.28318530717959,0.,0.,1.;                                           675P    979
102,1,675;                                                           677P    980
124,0.,1.,0.,-0.0075,1.,0.,0.,0.065,0.,0.,-1.,-0.0225;               679P    981
100,0.,0.,0.,0.0125,0.,0.0125,-0.;                                   681P    982
102,1,681;                                                           683P    983
142,1,635,677,683,2;                                                 685P    984
144,635,1,1,673,685;                                                 687P    985
314,61.5686297416687,81.17647171020508,92.9411768913269,10HMixed     689P    986
Color;                                                               689P    987
110,-0.0105,0.,-0.0095,0.0095,0.,-0.0095;                            691P    988
122,691,-0.0105,0.012,-0.0095;                                       693P    989
126,1,1,1,0,1,0,0.013,0.013,0.025,0.025,1.,1.,1.,0.,0.,1.,1.,0.,     695P    990
0.013,0.025,0.,0.,1.;                                                695P    991
126,1,1,1,0,1,0,-0.01,-0.01,0.01,0.01,1.,1.,1.,1.,0.,0.,1.,0.,       697P    992
-0.01,0.01,0.,0.,1.;                                                 697P    993
126,1,1,1,0,1,0,-0.025,-0.025,-0.013,-0.013,1.,1.,0.,1.,0.,0.,       699P    994
0.,0.,-0.025,-0.013,0.,0.,1.;                                        699P    995
126,1,1,1,0,1,0,-0.0105,-0.0105,0.0095,0.0095,1.,1.,0.,0.,0.,1.,     701P    996
0.,0.,-0.0105,0.0095,0.,0.,1.;                                       701P    997
102,4,695,697,699,701;                                               703P    998
110,0.0095,0.,-0.0095,0.0095,0.012,-0.0095;                          705P    999
110,0.0095,0.012,-0.0095,-0.0105,0.012,-0.0095;                      707P   1000
110,-0.0105,0.012,-0.0095,-0.0105,0.,-0.0095;                        709P   1001
110,-0.0105,0.,-0.0095,0.0095,0.,-0.0095;                            711P   1002
102,4,705,707,709,711;                                               713P   1003
142,1,693,703,713,2;                                                 715P   1004
144,693,1,0,715;                                                     717P   1005
314,61.5686297416687,81.17647171020508,92.9411768913269,10HMixed     719P   1006
Color;                                                               719P   1007
110,-0.0105,0.,0.0275,-0.0105,0.,-0.0095;                            721P   1008
122,721,-0.0105,0.012,0.0275;                                        723P   1009
126,1,1,1,0,1,0,0.013,0.013,0.025,0.025,1.,1.,1.,0.,0.,1.,1.,0.,     725P   1010
0.013,0.025,0.,0.,1.;                                                725P   1011
126,1,1,1,0,1,0,-0.0185,-0.0185,0.0185,0.0185,1.,1.,1.,1.,0.,0.,     727P   1012
1.,0.,-0.0185,0.0185,0.,0.,1.;                                       727P   1013
126,1,1,1,0,1,0,-0.025,-0.025,-0.013,-0.013,1.,1.,0.,1.,0.,0.,       729P   1014
0.,0.,-0.025,-0.013,0.,0.,1.;                                        729P   1015
126,1,1,1,0,1,0,-0.0275,-0.0275,0.0095,0.0095,1.,1.,0.,0.,0.,1.,     731P   1016
0.,0.,-0.0275,0.0095,0.,0.,1.;                                       731P   1017
102,4,725,727,729,731;                                               733P   1018
110,-0.0105,0.,-0.0095,-0.0105,0.012,-0.0095;                        735P   1019
110,-0.0105,0.012,-0.0095,-0.0105,0.012,0.0275;                      737P   1020
110,-0.0105,0.012,0.0275,-0.0105,0.,0.0275;                          739P   1021
110,-0.0105,0.,0.0275,-0.0105,0.,-0.0095;                            741P   1022
102,4,735,737,739,741;                                               743P   1023
142,1,723,733,743,2;                                                 745P   1024
144,723,1,0,745;                                                     747P   1025
314,61.5686297416687,81.17647171020508,92.9411768913269,10HMixed     749P   1026
Color;                                                               749P   1027
110,-0.0105,0.,0.0275,-0.0105,0.012,0.0275;                          751P   1028
122,751,0.0095,0.,0.0275;                                            753P   1029
126,1,1,1,0,1,0,0.013,0.013,0.025,0.025,1.,1.,0.,0.,0.,1.,0.,0.,     755P   1030
0.013,0.025,0.,0.,1.;                                                755P   1031
126,1,1,1,0,1,0,-0.01,-0.01,0.01,0.01,1.,1.,1.,0.,0.,1.,1.,0.,       757P   1032
-0.01,0.01,0.,0.,1.;                                                 757P   1033
126,1,1,1,0,1,0,-0.025,-0.025,-0.013,-0.013,1.,1.,1.,1.,0.,0.,       759P   1034
1.,0.,-0.025,-0.013,0.,0.,1.;                                        759P   1035
126,1,1,1,0,1,0,-0.0095,-0.0095,0.0105,0.0105,1.,1.,0.,1.,0.,0.,     761P   1036
0.,0.,-0.0095,0.0105,0.,0.,1.;                                       761P   1037
102,4,755,757,759,761;                                               763P   1038
110,-0.0105,0.,0.0275,-0.0105,0.012,0.0275;                          765P   1039
110,-0.0105,0.012,0.0275,0.0095,0.012,0.0275;                        767P   1040
110,0.0095,0.012,0.0275,0.0095,0.,0.0275;                            769P   1041
110,0.0095,0.,0.0275,-0.0105,0.,0.0275;                              771P   1042
102,4,765,767,769,771;                                               773P   1043
142,1,753,763,773,2;                                                 775P   1044
144,753,1,0,775;                                                     777P   1045
314,61.5686297416687,81.17647171020508,92.9411768913269,10HMixed     779P   1046
Color;                                                               779P   1047
110,0.0095,0.,0.0275,0.0095,0.012,0.0275;                            781P   1048
122,781,0.0095,0.,-0.0095;                                           783P   1049
126,1,1,1,0,1,0,0.013,0.013,0.025,0.025,1.,1.,0.,0.,0.,1.,0.,0.,     785P   1050
0.013,0.025,0.,0.,1.;                                                785P   1051
126,1,1,1,0,1,0,-0.0185,-0.0185,0.0185,0.0185,1.,1.,1.,0.,0.,1.,     787P   1052
1.,0.,-0.0185,0.0185,0.,0.,1.;                                       787P   1053
126,1,1,1,0,1,0,-0.025,-0.025,-0.013,-0.013,1.,1.,1.,1.,0.,0.,       789P   1054
1.,0.,-0.025,-0.013,0.,0.,1.;                                        789P   1055
126,1,1,1,0,1,0,-0.0095,-0.0095,0.0275,0.0275,1.,1.,0.,1.,0.,0.,     791P   1056
0.,0.,-0.0095,0.0275,0.,0.,1.;                                       791P   1057
102,4,785,787,789,791;                                               793P   1058
110,0.0095,0.,0.0275,0.0095,0.012,0.0275;                            795P   1059
110,0.0095,0.012,0.0275,0.0095,0.012,-0.0095;                        797P   1060
110,0.0095,0.012,-0.0095,0.0095,0.,-0.0095;                          799P   1061
110,0.0095,0.,-0.0095,0.0095,0.,0.0275;                              801P   1062
102,4,795,797,799,801;                                               803P   1063
142,1,783,793,803,2;                                                 805P   1064
144,783,1,0,805;                                                     807P   1065
314,61.5686297416687,81.17647171020508,92.9411768913269,10HMixed     809P   1066
Color;                                                               809P   1067
110,0.,0.053,-0.0145,-1.,0.053,-0.0145;                              811P   1068
110,-0.0155,0.061,-0.0145,-0.0275,0.061,-0.0145;                     813P   1069
120,811,813,0.,6.28318530717959;                                     815P   1070
126,1,1,1,0,1,0,-3.14159265358979,-3.14159265358979,                 817P   1071
-1.5707963267949,-1.5707963267949,1.,1.,-0.,3.14159265358979,0.,     817P   1072
-0.,1.5707963267949,0.,-3.14159265358979,-1.5707963267949,0.,0.,     817P   1073
1.;                                                                  817P   1074
126,1,1,1,0,1,0,0.0155,0.0155,0.0275,0.0275,1.,1.,-0.,               819P   1075
1.5707963267949,0.,1.,1.5707963267949,0.,0.0155,0.0275,0.,0.,1.;     819P   1076
126,1,1,1,0,1,0,3.14159265358979,3.14159265358979,                   821P   1077
4.71238898038469,4.71238898038469,1.,1.,1.,1.5707963267949,0.,       821P   1078
1.,3.14159265358979,0.,3.14159265358979,4.71238898038469,0.,0.,      821P   1079
1.;                                                                  821P   1080
126,1,1,1,0,1,0,-0.0275,-0.0275,-0.0155,-0.0155,1.,1.,1.,            823P   1081
3.14159265358979,0.,-0.,3.14159265358979,0.,-0.0275,-0.0155,0.,      823P   1082
0.,1.;                                                               823P   1083
102,4,817,819,821,823;                                               825P   1084
124,0.,0.,1.,-0.0155,1.,0.,0.,0.053,0.,1.,0.,-0.0145;                827P   1085
100,0.,0.,0.,-0.008,-0.,0.,-0.008;                                   829P   1086
110,-0.0155,0.053,-0.0225,-0.0275,0.053,-0.0225;                     831P   1087
124,-0.,0.,-1.,-0.0275,0.,1.,0.,0.053,1.,0.,-0.,-0.0145;             833P   1088
100,0.,0.,0.,-0.008,0.,-0.,-0.008;                                   835P   1089
110,-0.0275,0.045,-0.0145,-0.0155,0.045,-0.0145;                     837P   1090
102,4,829,831,835,837;                                               839P   1091
142,1,815,825,839,2;                                                 841P   1092
144,815,1,0,841;                                                     843P   1093
S      2G      4D    844P   1093                                        T      1
